Id;Nazov;Pocet_usekov;Useky_id
0;1/1;225;0;1;2;3;4;5;6;7;8;9;10;11;12;13;14;15;16;17;18;19;20;21;22;23;24;0;1;2;3;4;5;6;7;8;9;10;11;12;13;14;15;16;17;18;19;20;21;22;23;24;0;1;2;3;4;5;6;7;8;9;10;11;12;13;14;15;16;17;18;19;20;21;22;23;24;0;1;2;3;4;5;6;7;8;9;10;11;12;13;14;15;16;17;18;19;20;21;22;23;24;0;1;2;3;4;5;6;7;8;9;10;11;12;13;14;15;16;17;18;19;20;21;22;23;24;0;1;2;3;4;5;6;7;8;9;10;11;12;13;14;15;16;17;18;19;20;21;22;23;24;0;1;2;3;4;5;6;7;8;9;10;11;12;13;14;15;16;17;18;19;20;21;22;23;24;0;1;2;3;4;5;6;7;8;9;10;11;12;13;14;15;16;17;18;19;20;21;22;23;24;0;1;2;3;4;5;6;7;8;9;10;11;12;13;14;15;16;17;18;19;20;21;22;23;24;
1;16/1;183;228;229;25;26;27;28;29;30;1;2;31;32;33;34;35;22;23;36;37;38;39;40;41;25;26;27;28;29;30;1;2;31;32;33;34;35;22;23;36;37;38;39;40;41;25;26;27;28;29;30;1;2;31;32;33;34;35;22;23;36;37;38;39;40;41;25;26;27;28;29;30;1;2;31;32;33;34;35;22;23;36;37;38;39;40;41;25;26;27;28;29;30;1;2;31;32;33;34;35;22;23;36;37;38;39;40;41;25;26;27;28;29;30;1;2;31;32;33;34;35;22;23;36;37;38;39;40;41;25;26;27;28;29;30;1;2;31;32;33;34;35;22;23;36;37;38;39;40;41;25;26;27;28;29;30;1;2;3;4;5;6;7;42;43;44;45;33;34;35;22;23;36;37;38;39;40;41;43;44;269;176;23;24;
2;16/2;187;228;229;25;26;27;28;29;30;1;2;31;32;33;34;35;22;23;36;37;38;39;40;41;25;26;27;28;29;30;1;2;31;32;33;34;35;22;23;36;37;38;39;40;41;25;26;27;28;29;30;1;2;46;47;48;49;50;51;52;53;54;55;56;57;10;58;13;14;15;16;17;18;19;20;21;22;23;36;37;38;39;40;41;25;26;27;28;29;30;1;2;31;32;33;34;35;22;23;36;37;38;39;40;41;25;26;27;28;29;30;1;2;31;32;33;34;35;22;23;36;37;38;39;40;41;25;26;27;28;29;30;1;2;46;47;48;49;50;51;52;53;54;55;56;57;10;58;13;14;15;16;17;18;19;20;21;22;23;36;37;38;39;40;41;25;26;27;28;29;30;1;2;31;32;33;34;35;22;23;36;37;38;39;40;41;230;231;
3;16/3;252;0;1;132;261;7;8;9;10;58;13;14;15;16;17;18;19;20;21;22;23;36;37;38;39;40;41;25;26;27;28;29;30;1;2;31;32;33;34;35;22;23;36;37;38;39;40;41;25;26;27;28;29;30;1;2;31;32;33;34;35;22;23;36;37;38;39;40;41;25;26;27;28;29;30;1;2;31;32;33;34;35;22;23;36;37;38;39;40;41;25;26;27;28;29;30;1;2;46;47;48;49;50;51;52;53;54;55;56;57;10;58;13;14;15;16;17;18;19;20;21;22;23;36;37;38;39;40;41;25;26;27;28;29;30;1;2;46;47;48;49;50;51;52;53;54;55;56;57;10;58;13;14;15;16;17;18;19;20;21;22;23;36;37;38;39;40;41;25;26;27;28;29;30;1;2;46;47;48;49;50;51;52;53;54;55;56;57;10;58;13;14;15;16;17;18;19;20;21;22;23;36;37;38;39;40;41;25;26;27;28;29;30;1;2;46;47;48;49;50;51;52;53;54;55;56;57;10;58;13;14;15;16;17;18;19;20;21;22;23;36;37;38;39;40;41;64;65;44;269;176;23;24;
4;16/4;275;0;1;132;32;33;34;35;22;23;36;37;38;39;40;41;25;26;27;28;29;30;1;2;31;32;33;34;35;22;23;36;37;38;39;40;41;25;26;27;28;29;30;1;2;46;47;48;49;50;51;52;53;54;55;56;57;10;58;13;14;15;16;17;18;19;20;21;22;23;36;37;38;39;40;41;25;26;27;28;29;30;1;2;46;47;48;49;50;51;52;53;54;55;56;57;10;58;13;14;15;16;17;18;19;20;21;22;23;36;37;38;39;40;41;25;26;27;28;29;30;1;2;46;47;48;49;50;51;52;53;54;55;56;57;10;58;13;14;15;16;17;18;19;20;21;22;23;36;37;38;39;40;41;25;26;27;28;29;30;1;2;46;47;48;49;50;51;52;53;54;55;56;57;10;58;13;14;15;16;17;18;19;20;21;22;23;36;37;38;39;40;41;25;26;27;28;29;30;1;2;31;32;33;34;35;22;23;36;37;38;39;40;41;25;26;27;28;29;30;1;2;46;47;48;49;50;51;52;53;54;55;56;57;10;58;13;14;15;16;17;18;19;20;21;22;23;36;37;38;39;40;41;25;26;27;28;29;30;1;2;31;32;33;34;35;22;23;36;37;38;39;40;41;230;231;
5;20/1;253;271;10;58;59;60;61;62;63;57;64;65;66;67;68;69;70;71;72;73;74;75;76;77;78;79;19;20;80;7;8;9;10;11;12;59;60;61;62;63;57;64;65;66;67;68;69;70;71;72;73;74;75;76;77;78;79;19;20;80;7;8;9;10;11;12;59;60;61;62;63;57;64;65;66;67;68;69;70;71;72;73;74;75;76;77;78;79;19;20;80;7;8;9;10;11;12;59;60;61;74;75;76;77;78;79;19;20;80;7;8;9;10;11;12;59;60;61;62;63;57;64;65;66;67;68;69;70;71;72;73;74;75;76;77;78;79;19;20;80;7;8;9;10;11;12;59;60;61;62;63;57;64;65;66;67;68;69;70;71;72;73;74;75;76;77;78;79;19;20;80;7;8;9;10;11;12;59;60;61;62;63;57;64;65;66;67;68;69;70;71;72;73;74;75;76;77;78;79;19;20;80;7;8;9;10;11;12;59;60;61;62;63;57;64;65;66;67;68;69;70;71;72;73;74;75;76;77;78;79;19;20;80;7;8;9;10;11;12;59;60;61;74;75;76;77;78;79;19;20;267;32;151;152;
6;20/2posila;132;173;174;33;81;82;83;84;85;86;87;88;89;90;91;92;93;94;34;81;82;83;84;85;86;87;88;89;90;91;92;93;94;67;68;69;70;71;72;73;74;75;76;77;78;79;19;20;80;7;8;9;10;11;12;59;60;61;62;63;57;64;65;66;67;68;69;70;71;72;73;74;75;76;77;78;79;19;20;80;7;8;9;10;11;12;59;60;61;62;63;57;64;65;66;67;68;69;70;71;72;73;74;75;76;77;78;79;19;20;80;7;8;9;10;11;12;59;60;61;62;63;57;64;65;66;67;68;69;70;71;72;73;
7;20/3;220;271;10;58;59;60;61;62;63;57;64;65;66;67;68;69;70;71;72;73;74;75;76;77;78;79;19;20;80;7;8;9;10;11;12;59;60;61;62;63;57;64;65;66;67;68;69;70;71;72;73;74;75;76;77;78;79;19;20;80;7;8;9;10;11;12;59;60;61;62;63;57;64;65;66;67;68;69;70;71;72;73;74;75;76;77;78;79;19;20;80;7;8;9;10;11;12;59;60;61;62;63;57;64;65;66;67;68;69;70;71;72;73;74;75;76;77;78;79;19;20;80;67;68;69;70;71;72;73;74;75;76;77;78;79;19;20;80;7;8;9;10;11;12;59;60;61;62;63;57;64;65;66;67;68;69;70;71;72;73;74;75;76;77;78;79;19;20;80;7;8;9;10;11;12;59;60;61;62;63;57;64;65;66;67;68;69;70;71;72;73;74;75;76;77;78;79;19;20;80;7;8;9;10;11;12;59;60;61;74;75;76;77;78;79;19;20;267;32;151;152;
8;21/1a;427;173;174;175;176;23;36;37;110;111;112;113;114;95;96;97;98;99;29;30;1;100;101;95;96;97;98;99;29;30;1;100;101;102;103;104;105;106;107;108;109;23;36;37;110;111;112;113;114;115;116;117;118;119;120;108;109;23;36;37;110;111;112;113;114;95;96;97;98;99;29;30;1;100;101;95;96;97;98;99;29;30;1;100;101;102;103;104;105;106;107;108;109;23;36;37;110;111;112;113;114;115;116;117;118;119;120;108;109;23;36;37;110;111;112;113;114;95;96;97;98;99;29;30;1;100;101;102;103;104;105;106;95;96;97;98;99;29;30;1;100;101;102;103;104;105;106;107;116;117;118;119;120;108;109;23;36;37;110;111;112;115;116;117;118;119;120;97;98;99;29;30;1;100;101;102;103;104;105;106;116;117;118;119;120;108;109;23;36;37;110;111;112;97;98;99;29;30;1;100;101;102;103;104;105;106;102;103;104;105;106;116;117;118;119;120;108;109;23;36;37;110;111;112;113;114;116;117;118;119;120;108;109;23;36;37;110;111;112;95;96;97;98;99;29;30;1;100;101;102;103;104;105;106;97;98;99;29;30;1;100;101;102;103;104;105;106;116;117;118;119;120;108;109;23;36;37;110;111;112;116;117;118;119;120;108;109;23;36;37;110;111;112;113;114;97;98;99;29;30;1;100;101;102;103;104;105;106;95;96;97;98;99;29;30;1;100;101;102;103;104;105;106;116;117;118;119;120;108;109;23;36;37;110;111;112;97;98;99;29;30;1;100;101;102;103;104;105;106;107;116;117;118;119;120;108;109;23;36;37;110;111;112;113;114;115;116;117;118;119;120;108;109;23;36;37;110;111;112;95;96;97;98;99;29;30;1;100;101;102;103;104;105;106;107;97;98;99;29;30;1;100;101;102;103;104;105;106;116;117;118;119;120;115;116;117;118;119;120;115;116;117;118;119;142;5;151;152;
9;21/1b;472;173;174;33;34;108;109;23;36;37;110;111;112;113;114;102;103;104;105;106;107;95;96;97;98;99;29;30;1;100;101;102;103;104;105;106;115;116;117;118;119;120;108;109;23;36;37;110;111;112;113;114;116;117;118;119;120;108;109;23;36;37;110;111;112;113;114;95;96;97;98;99;29;30;1;100;101;102;103;104;105;106;107;95;96;97;98;99;29;30;1;100;101;102;103;104;105;106;115;116;117;118;119;120;108;109;23;36;37;110;111;112;113;114;116;117;118;119;120;108;109;23;36;37;110;111;112;95;96;97;98;99;29;30;1;100;101;102;103;104;105;106;107;97;98;99;29;30;1;100;101;102;103;104;105;106;115;116;117;118;119;120;116;117;118;119;120;108;109;23;36;37;110;111;112;97;98;99;29;30;1;100;101;102;103;104;105;106;102;103;104;105;106;107;116;117;118;119;120;115;116;117;118;119;120;108;109;23;36;37;110;111;112;113;114;95;96;97;98;99;29;30;1;100;101;102;103;104;105;106;108;109;23;36;37;110;111;112;113;114;95;96;97;98;99;29;30;1;100;101;102;103;104;105;106;116;117;118;119;120;108;109;23;36;37;110;111;112;116;117;118;119;120;108;109;23;36;37;110;111;112;113;114;97;98;99;29;30;1;100;101;102;103;104;105;106;116;117;118;119;120;95;96;97;98;99;29;30;1;100;101;102;103;104;105;106;116;117;118;119;120;108;109;23;36;37;110;111;112;97;98;99;29;30;1;100;101;102;103;104;105;106;4;81;82;83;84;85;86;87;116;117;118;119;120;108;109;23;36;37;110;111;112;113;114;95;96;97;98;99;29;30;1;100;101;102;103;104;105;106;88;89;90;91;92;93;94;34;121;122;123;124;116;117;118;119;120;108;109;23;36;37;110;111;112;113;114;125;126;127;128;4;81;82;83;84;85;86;87;88;89;90;91;92;93;94;34;95;96;97;98;99;29;30;1;100;101;102;103;104;105;106;4;81;82;83;84;85;86;87;116;117;118;119;120;108;109;23;36;37;110;111;112;88;89;90;91;92;88;89;90;91;172;
10;21/2a;197;173;174;33;133;103;104;105;106;116;117;118;119;120;108;109;23;36;37;110;111;112;113;114;95;96;97;98;99;29;30;1;100;101;102;103;104;105;106;107;115;116;117;118;119;120;108;109;23;36;37;110;111;112;113;114;95;96;97;98;99;29;30;1;100;101;102;103;104;105;106;107;115;116;117;118;119;120;108;109;23;36;37;110;111;112;113;114;95;96;97;98;99;29;30;1;100;101;102;103;104;105;106;116;117;118;119;120;108;109;23;36;37;110;111;112;97;98;99;29;30;1;100;101;102;103;104;105;106;116;117;118;119;120;108;109;23;36;37;110;111;112;97;98;99;29;30;1;100;101;102;103;104;105;106;116;117;118;119;120;108;109;23;36;37;110;111;112;113;114;95;96;97;98;99;29;30;1;100;101;102;103;104;105;106;116;117;118;119;120;116;117;118;119;142;5;151;152;
11;21/2b;252;173;174;33;34;108;109;23;36;37;110;111;112;113;114;95;96;97;98;99;29;30;1;100;101;102;103;104;105;106;107;115;116;117;118;119;120;108;109;23;36;37;110;111;112;113;114;95;96;97;98;99;29;30;1;100;101;102;103;104;105;106;107;115;116;117;118;119;120;108;109;23;36;37;110;111;112;113;114;95;96;97;98;99;29;30;1;100;101;102;103;104;105;106;116;117;118;119;120;108;109;23;36;37;110;111;112;113;114;95;96;97;98;99;29;30;1;100;101;102;103;104;105;106;116;117;118;119;120;108;109;23;36;37;110;111;112;113;114;95;96;97;98;99;29;30;1;100;101;102;103;104;105;106;116;117;118;119;120;108;109;23;36;37;110;111;112;97;98;99;29;30;1;100;101;102;103;104;105;106;116;117;118;119;120;108;109;23;36;37;110;111;112;113;114;95;96;97;98;99;29;30;1;100;101;102;103;104;105;106;116;117;118;119;120;108;109;23;36;37;110;111;112;113;114;95;96;97;98;99;29;30;1;100;101;102;103;104;105;106;116;117;118;119;120;116;117;118;119;142;5;151;152;
12;21/3;204;173;174;33;133;103;104;105;106;116;117;118;119;120;108;109;23;36;37;110;111;112;113;114;95;96;97;98;99;29;30;1;100;101;102;103;104;105;106;107;115;116;117;118;119;120;108;109;23;36;37;110;111;112;113;114;95;96;97;98;99;29;30;1;100;101;102;103;104;105;106;107;115;116;117;118;119;120;108;109;23;36;37;110;111;112;113;114;95;96;97;98;99;29;30;1;100;101;108;109;23;36;37;110;111;112;113;114;95;96;97;98;99;29;30;1;100;101;102;103;104;105;106;107;115;116;117;118;119;120;108;109;23;36;37;110;111;112;113;114;74;75;76;77;78;129;130;131;132;32;33;133;103;134;135;136;137;138;139;140;141;119;142;133;103;104;143;144;145;146;118;119;142;108;109;23;36;37;110;111;112;113;114;95;96;97;98;99;29;30;1;100;101;95;96;97;98;99;29;30;1;132;32;151;152;
13;21/4;213;173;174;175;176;23;36;37;110;111;112;113;114;95;96;97;98;99;29;30;1;100;101;102;103;104;105;106;116;117;118;119;120;108;109;23;36;37;110;111;112;113;114;95;96;97;98;99;29;30;1;100;101;102;103;104;105;106;107;115;116;117;118;119;120;108;109;23;36;37;110;111;112;113;114;95;96;97;98;99;29;30;1;100;101;102;103;104;105;106;107;115;116;117;118;119;120;108;109;23;36;37;110;111;112;113;114;95;96;97;98;99;29;30;1;100;101;4;81;82;83;84;85;86;87;88;89;90;91;92;93;94;34;121;122;123;124;147;148;125;126;127;128;4;4;81;82;83;84;85;86;87;149;150;88;89;90;91;92;93;94;34;4;5;151;152;153;154;155;156;157;158;159;160;161;162;163;164;165;166;167;168;169;170;171;172;173;174;33;34;4;5;151;152;153;154;155;156;157;158;159;160;161;162;163;164;165;166;167;168;169;170;171;172;
14;22/1;226;173;174;175;176;177;178;68;69;70;71;72;73;74;75;76;77;78;129;130;131;132;32;33;133;103;134;135;136;137;138;139;140;141;119;142;5;175;176;177;178;68;69;70;71;72;73;74;75;76;77;78;129;130;131;132;32;33;133;103;134;135;136;137;138;139;140;141;119;142;5;175;176;177;178;68;69;70;71;72;73;74;75;76;77;78;129;130;131;132;32;33;133;103;134;135;136;137;138;139;140;141;119;142;133;103;134;135;136;137;138;139;140;141;119;142;5;175;176;177;178;68;69;70;71;72;73;74;75;76;77;78;129;130;131;132;32;33;133;103;134;135;136;137;138;139;140;141;119;142;5;175;176;177;178;68;69;70;71;72;73;74;75;76;77;78;129;130;131;132;32;33;133;103;134;135;136;137;138;139;140;141;119;142;5;175;176;177;178;68;69;70;71;72;73;74;75;76;77;78;129;130;131;132;32;33;133;103;134;135;136;137;138;139;140;141;119;142;138;139;140;141;119;142;5;151;152;
15;22/2a;219;173;174;33;133;103;134;135;136;137;138;139;140;141;119;142;5;175;176;177;178;68;69;70;71;72;73;74;75;76;77;78;129;130;131;132;32;33;133;103;134;135;136;137;138;139;140;141;119;142;5;175;176;177;178;68;69;70;71;72;73;74;75;76;77;78;129;130;131;132;32;33;133;103;134;135;136;137;138;139;140;141;119;142;5;175;176;177;178;68;69;70;71;72;73;74;75;76;77;78;129;130;131;132;32;33;133;103;134;135;136;137;138;139;140;141;119;142;5;175;176;177;178;68;69;70;71;72;73;74;75;76;77;78;129;130;131;132;32;33;133;103;134;135;136;137;138;139;140;141;119;142;5;175;176;177;178;68;69;70;71;72;73;74;75;76;77;78;129;130;131;132;32;33;133;103;134;135;136;137;138;139;140;141;119;142;5;175;176;177;178;68;69;70;71;72;73;74;75;76;77;78;129;130;131;132;32;33;74;75;76;77;78;79;19;20;267;32;151;152;
16;22/2b;247;173;174;33;133;103;134;135;136;137;138;139;140;141;119;142;5;175;176;177;178;68;69;70;71;72;73;74;75;76;77;78;129;130;131;132;32;33;133;103;134;135;136;137;138;139;140;141;119;142;5;175;176;177;178;68;69;70;71;72;73;74;75;76;77;78;129;130;131;132;32;33;133;103;134;135;136;137;138;139;140;141;119;142;5;175;176;177;178;68;69;70;71;72;73;74;75;76;77;78;129;130;131;132;32;33;133;103;134;135;136;137;138;139;140;141;119;142;5;175;176;177;178;68;69;70;71;72;73;74;75;76;77;78;129;130;131;132;32;33;133;103;134;135;136;137;138;139;140;141;119;142;5;175;176;177;178;68;69;70;71;72;73;74;75;76;77;78;129;130;131;132;32;33;133;103;134;135;136;137;138;139;140;141;119;142;34;179;180;181;182;183;34;179;180;181;182;183;184;185;186;187;188;4;184;185;186;187;188;4;133;103;119;142;5;175;176;177;178;68;69;70;71;72;73;74;75;76;77;78;79;19;20;267;32;33;74;75;76;77;78;79;19;20;267;32;151;152;
17;22/3a;330;173;174;33;133;103;134;135;136;137;138;139;140;141;119;142;5;175;176;177;178;68;69;70;71;72;73;74;75;76;77;78;129;130;131;132;32;33;133;103;134;135;136;137;74;75;76;77;78;129;130;131;132;32;33;133;103;134;135;136;137;138;139;140;141;119;142;5;175;176;177;178;68;69;70;71;72;73;138;139;140;141;119;142;5;175;176;177;178;68;69;70;71;72;73;74;75;76;77;78;129;130;131;132;32;33;133;103;134;135;136;137;74;75;76;77;78;129;130;131;132;32;33;138;139;140;141;119;142;5;175;176;177;178;68;69;70;71;72;73;74;75;76;77;78;129;130;131;132;32;33;133;103;134;135;136;137;4;81;82;83;84;85;86;87;138;139;140;141;119;142;5;175;176;177;178;68;69;70;71;72;73;88;89;90;91;92;93;94;34;133;103;134;135;136;137;74;75;76;77;78;129;130;131;132;32;33;133;103;134;135;136;137;138;139;140;141;119;142;5;175;176;177;178;68;69;70;71;72;73;138;139;140;141;119;142;5;175;176;177;178;68;69;70;71;72;73;74;75;76;77;78;129;130;131;132;32;33;74;75;76;77;78;129;130;131;132;32;33;133;103;134;135;136;137;4;81;82;83;84;85;86;87;138;139;140;141;119;142;5;175;176;177;178;68;69;70;71;72;73;88;89;90;91;92;93;94;34;74;75;76;77;78;129;130;131;132;32;33;74;75;76;77;78;79;19;20;267;32;151;152;
18;22/3b;250;173;174;33;133;103;134;135;136;137;138;139;140;141;119;142;5;175;176;177;178;68;69;70;71;72;73;74;75;76;77;78;129;130;131;132;32;33;133;103;134;135;136;137;138;139;140;141;119;142;5;175;176;177;178;68;69;70;71;72;73;74;75;76;77;78;129;130;131;132;32;33;133;103;134;135;136;137;138;139;140;141;119;142;5;175;176;177;178;68;69;70;71;72;73;74;75;76;77;78;129;130;131;132;32;33;133;103;134;135;136;137;138;139;140;141;119;142;5;175;176;177;178;68;69;70;71;72;73;74;75;76;77;78;129;130;131;132;32;33;133;103;134;135;136;137;138;139;140;141;119;142;5;175;176;177;178;68;69;70;71;72;73;74;75;76;77;78;129;130;131;132;32;33;5;175;176;177;178;68;69;70;71;72;73;74;75;76;77;78;129;130;131;132;32;33;133;103;134;135;136;137;138;139;140;141;119;142;5;175;176;177;178;68;69;70;71;72;73;74;75;76;77;78;129;130;131;132;32;33;133;103;134;135;136;137;138;139;140;141;119;142;138;139;140;141;119;142;5;151;152;
19;22/5;232;173;174;33;5;175;176;177;178;68;69;70;71;72;73;74;75;76;77;78;129;130;131;132;32;33;133;103;134;135;136;137;138;139;140;141;119;142;5;175;176;177;178;68;69;70;71;72;73;74;75;76;77;78;129;130;131;132;32;33;133;103;134;135;136;137;138;139;140;141;119;142;5;175;176;177;178;68;69;70;71;72;73;5;175;176;177;178;68;69;70;71;72;73;74;75;76;77;78;129;130;131;132;32;33;5;175;176;177;178;68;69;70;71;72;73;74;75;76;77;78;129;130;131;132;32;33;133;103;119;142;5;175;176;177;178;68;69;70;71;72;73;74;75;76;77;78;129;130;131;132;32;33;133;103;134;135;136;137;138;139;140;141;119;142;5;175;176;177;178;68;69;70;71;72;73;74;75;76;77;78;129;130;131;132;32;33;133;103;134;135;136;137;138;139;140;141;119;142;5;175;176;177;178;68;69;70;71;72;73;74;75;76;77;78;129;130;131;132;32;33;74;75;76;77;78;79;19;20;267;32;151;152;
20;24/1a;747;153;154;155;156;157;158;159;160;161;162;163;164;165;166;167;168;169;170;171;172;173;174;33;34;179;180;181;182;183;163;164;165;166;167;168;169;170;171;172;173;174;33;34;179;180;181;182;183;163;164;165;166;167;168;169;170;171;172;173;174;33;34;179;180;181;182;183;184;185;186;187;188;4;5;151;152;153;154;155;156;157;158;159;160;161;162;184;185;186;187;188;4;5;151;152;153;154;155;156;157;158;159;160;161;162;184;185;186;187;188;4;5;151;152;153;154;155;156;157;158;159;160;161;162;163;164;165;166;167;168;169;170;171;172;173;174;33;34;163;164;165;166;167;168;169;170;171;172;173;174;33;34;179;180;181;182;183;163;164;165;166;167;168;169;170;171;172;173;174;33;34;179;180;181;182;183;184;185;186;187;188;4;5;151;152;153;154;155;156;157;158;159;160;161;162;184;185;186;187;188;4;5;151;152;153;154;155;156;157;158;159;160;161;162;4;5;151;152;153;154;155;156;157;158;159;160;161;162;163;164;165;166;167;168;169;170;171;172;173;174;33;34;179;180;181;182;183;163;164;165;166;167;168;169;170;171;172;173;174;33;34;179;180;181;182;183;184;185;186;187;188;4;81;82;83;154;155;156;157;158;159;160;161;162;163;164;165;166;167;168;169;170;171;172;173;174;33;34;179;180;181;182;183;163;164;165;166;167;168;169;170;171;172;173;174;33;34;179;180;181;182;183;184;185;186;187;188;4;5;151;152;153;154;155;156;157;158;159;160;161;162;184;185;186;187;188;4;5;151;152;153;154;155;156;157;158;159;160;161;162;163;164;165;166;167;168;169;170;171;92;93;94;34;179;180;181;182;183;184;185;186;187;188;4;5;151;152;153;154;155;156;157;158;159;160;161;162;184;185;186;187;188;4;5;151;152;153;154;155;156;157;158;159;160;161;162;163;164;165;166;167;168;169;170;171;172;173;174;33;34;179;180;181;182;183;184;185;186;187;188;4;81;82;83;154;155;156;157;158;159;160;161;162;163;164;165;166;167;168;169;170;171;172;173;174;33;34;179;180;181;182;183;163;164;165;166;167;168;169;170;171;172;173;174;33;34;179;180;181;182;183;4;5;151;152;153;154;155;156;157;158;159;160;161;162;184;185;186;187;188;4;5;151;152;153;154;155;156;157;158;159;160;161;162;184;185;186;187;188;4;5;151;152;153;154;155;156;157;158;159;160;161;162;163;164;165;166;167;168;169;170;171;92;93;94;34;179;180;181;182;183;184;185;186;187;188;4;5;151;152;153;154;155;156;157;158;159;160;161;162;163;164;165;166;167;168;169;170;171;172;173;174;33;34;179;180;181;182;183;163;164;165;166;167;168;169;170;171;172;173;174;33;34;179;180;181;182;183;184;185;186;187;188;4;81;82;83;154;155;156;157;158;159;160;161;162;163;164;165;166;167;168;169;170;171;172;173;174;33;34;179;5;151;152;153;154;155;156;157;158;159;160;161;162;184;185;186;187;188;4;5;151;152;153;154;155;156;157;158;159;160;161;162;163;164;165;166;167;168;169;170;171;172;173;174;33;34;179;180;181;182;183;163;164;165;166;167;168;169;170;171;172;173;174;33;184;185;186;187;188;4;5;151;152;153;154;155;156;157;158;159;160;161;162;163;164;165;166;167;168;169;170;171;172;173;174;33;
21;24/1b;562;173;174;33;34;108;109;23;36;37;110;111;112;113;114;34;179;180;181;182;183;95;96;97;98;99;29;30;1;100;101;102;103;104;105;106;107;184;185;186;187;188;4;5;151;152;153;154;155;156;157;158;159;160;161;162;115;116;117;118;119;120;108;109;23;36;37;110;111;112;113;114;163;164;165;166;167;168;169;170;171;172;173;174;33;95;96;97;98;99;29;30;1;100;101;102;103;104;105;106;107;5;151;152;153;154;155;156;157;158;159;160;161;162;163;164;165;166;167;168;169;170;171;172;173;174;33;34;179;180;181;182;183;115;116;117;118;119;120;108;109;23;36;37;110;111;112;113;114;95;96;97;98;99;29;30;1;100;101;102;103;104;105;106;107;184;185;186;187;188;4;5;151;152;153;154;155;156;157;158;159;160;161;162;115;116;117;118;119;120;163;164;165;166;167;168;169;170;171;172;173;174;33;5;151;152;153;154;155;156;157;158;159;160;161;162;163;164;165;166;167;168;169;170;171;172;173;174;33;34;179;180;181;182;183;163;164;165;166;167;168;169;170;171;172;173;174;33;34;184;185;186;187;188;4;4;5;151;152;153;154;155;156;157;158;159;160;161;162;163;164;165;166;167;168;169;170;171;172;173;174;33;34;5;151;152;153;154;155;156;157;158;159;160;161;162;163;164;165;166;167;168;169;170;171;172;173;174;33;34;163;164;165;166;167;168;169;170;171;172;173;174;33;34;4;5;151;152;153;154;155;156;157;158;159;160;161;162;4;5;151;152;153;154;155;156;157;158;159;160;161;162;163;164;165;166;167;168;169;170;171;172;173;174;33;34;179;180;181;182;183;163;164;165;166;167;168;169;170;171;172;173;174;33;34;179;180;181;182;183;184;185;186;187;188;4;163;164;165;166;167;168;169;170;171;172;173;174;33;34;34;179;180;181;182;183;184;185;186;187;188;4;5;151;152;153;154;155;156;157;158;159;160;161;162;4;5;151;152;153;154;155;156;157;158;159;160;161;162;4;5;151;152;153;154;155;156;157;158;159;160;161;162;163;164;165;166;167;168;169;170;171;172;173;174;33;163;164;165;166;167;168;169;170;171;172;173;174;33;163;164;165;166;167;168;169;170;171;172;173;174;33;34;4;5;151;152;153;154;155;156;157;158;159;160;161;162;163;164;165;166;167;168;169;170;171;172;173;174;33;34;133;103;104;143;144;4;5;151;152;153;154;155;156;157;158;159;160;161;162;145;146;118;119;142;145;146;118;119;142;5;151;152;
22;24/2;609;153;154;155;156;157;158;159;160;161;162;163;164;165;166;167;168;169;170;171;172;173;174;33;34;179;180;181;182;183;184;185;186;187;188;4;81;82;83;154;155;156;157;158;159;160;161;162;163;164;165;166;167;168;169;170;171;172;173;174;33;34;179;180;181;182;183;163;164;165;166;167;168;169;170;171;172;173;174;33;34;179;180;181;182;183;184;185;186;187;188;4;5;151;152;153;154;155;156;157;158;159;160;161;162;163;164;165;166;167;168;169;170;171;92;93;94;34;179;180;181;182;183;184;185;186;187;188;4;5;151;152;153;154;155;156;157;158;159;160;161;162;184;185;186;187;188;4;5;151;152;153;154;155;156;157;158;159;160;161;162;163;164;165;166;167;168;169;170;171;172;173;174;33;34;179;180;181;182;183;184;185;186;187;188;4;81;82;83;154;155;156;157;158;159;160;161;162;163;164;165;166;167;168;169;170;171;172;173;174;33;34;163;164;165;166;167;168;169;170;171;172;173;174;33;34;179;180;181;182;183;184;185;186;187;188;4;5;151;152;153;154;155;156;157;158;159;160;161;162;184;185;186;187;188;4;5;151;152;153;154;155;156;157;158;159;160;161;162;163;164;165;166;167;168;169;170;171;172;173;174;33;34;179;180;181;182;183;163;164;165;166;167;168;169;170;171;172;173;174;33;34;179;180;181;182;183;184;185;186;187;188;4;184;185;186;187;188;4;34;179;180;181;182;183;184;185;186;187;188;4;5;151;152;153;154;155;156;157;158;159;160;161;162;163;164;165;166;167;168;169;170;171;172;173;174;33;34;179;180;181;182;183;184;185;186;187;188;4;184;185;186;187;188;4;5;151;152;153;154;155;156;157;158;159;160;161;162;184;185;186;187;188;4;5;151;152;153;154;155;156;157;158;159;160;161;162;163;164;165;166;167;168;169;170;171;172;173;174;33;34;179;180;181;182;183;163;164;165;166;167;168;169;170;171;172;173;174;33;34;179;180;181;182;183;184;185;186;187;188;4;5;151;152;153;154;155;156;157;158;159;160;161;162;163;164;165;166;167;168;169;170;171;92;93;94;34;179;180;181;182;183;184;185;186;187;188;4;5;151;152;153;154;155;156;157;158;159;160;161;162;163;164;165;166;167;168;169;170;171;172;173;174;33;34;179;180;181;182;183;163;164;165;166;167;168;169;170;171;172;173;174;33;34;179;180;181;182;183;184;185;186;187;188;4;5;151;152;153;154;155;156;157;158;159;160;161;162;184;185;186;187;188;4;81;82;83;154;155;156;157;158;159;160;161;162;163;164;165;166;167;168;169;170;171;172;173;174;33;34;179;180;181;182;183;184;185;186;187;188;4;184;185;186;187;188;4;5;151;152;
23;24/3;430;153;154;155;156;157;158;159;160;161;162;163;164;165;166;167;168;169;170;171;172;173;174;33;34;179;180;181;182;183;184;185;186;187;188;4;5;151;152;153;154;155;156;157;158;159;160;161;162;184;185;186;187;188;4;5;151;152;153;154;155;156;157;158;159;160;161;162;163;164;165;166;167;168;169;170;171;172;173;174;33;34;163;164;165;166;167;168;169;170;171;172;173;174;33;34;179;180;181;182;183;184;185;186;187;188;4;5;151;152;153;154;155;156;157;158;159;160;161;162;163;164;165;166;167;168;169;170;171;172;173;174;33;34;179;188;4;5;151;152;153;154;155;156;157;158;159;160;161;162;188;4;5;151;152;153;154;155;156;157;158;159;160;161;162;163;164;165;166;167;168;169;170;171;172;173;174;33;34;179;180;181;182;183;163;164;165;166;167;168;169;170;171;172;173;174;33;34;179;180;181;182;183;184;185;186;187;188;4;5;151;152;153;154;155;156;157;158;159;160;161;162;184;185;186;187;188;4;5;151;152;153;154;155;156;157;158;159;160;161;162;163;164;165;166;167;168;169;170;171;172;173;174;33;34;179;180;181;182;183;163;164;165;166;167;168;169;170;171;172;173;174;33;34;179;180;181;182;183;184;185;186;187;188;4;5;151;152;153;154;155;156;157;158;159;160;161;162;184;185;186;187;188;4;5;151;152;153;154;155;156;157;158;159;160;161;162;163;164;165;166;167;168;169;170;171;172;173;174;33;34;179;180;181;182;183;163;164;165;166;167;168;169;170;171;172;173;174;33;34;179;180;181;182;183;184;185;186;187;188;4;5;151;152;153;154;155;156;157;158;159;160;161;162;184;185;186;187;188;4;5;151;152;153;154;155;156;157;158;159;160;161;162;163;164;165;166;167;168;169;170;171;172;173;174;33;34;163;164;165;166;167;168;169;170;171;172;173;174;33;34;163;164;165;166;167;168;169;170;171;172;
24;24/4b;479;173;174;33;34;179;180;181;182;183;184;185;186;187;188;4;5;151;152;153;154;155;156;157;158;159;160;161;162;34;179;180;181;182;183;184;185;186;187;188;4;5;151;152;153;154;155;156;157;158;159;160;161;162;163;164;165;166;167;168;169;170;171;172;173;174;33;184;185;186;187;188;4;5;151;152;153;154;155;156;157;158;159;160;161;162;163;164;165;166;167;168;169;170;171;172;173;174;33;34;179;180;181;182;183;184;185;186;187;188;4;5;151;152;153;154;155;156;157;158;159;160;161;162;163;164;165;166;167;168;169;170;171;172;173;174;33;34;179;180;181;182;183;184;185;186;187;188;4;5;151;152;153;154;155;156;157;158;159;160;161;162;4;5;151;152;153;154;155;156;157;158;159;160;161;162;4;5;151;152;153;154;155;156;157;158;159;160;161;162;163;164;165;166;167;168;169;170;171;172;173;174;33;34;179;180;181;182;183;163;164;165;166;167;168;169;170;171;172;173;174;33;34;179;180;181;182;183;184;185;186;187;188;4;184;185;186;187;188;4;133;103;104;143;144;145;146;118;119;142;34;179;180;181;182;183;34;179;180;181;182;183;184;185;186;187;188;4;5;151;152;153;154;155;156;157;158;159;160;161;162;184;185;186;187;188;4;5;151;152;153;154;155;156;157;158;159;160;161;162;163;164;165;166;167;168;169;170;171;172;173;174;33;34;179;180;181;182;183;163;164;165;166;167;168;169;170;171;172;173;174;33;34;179;180;181;182;183;184;185;186;187;188;4;184;185;186;187;188;4;5;151;152;153;154;155;156;157;158;159;160;161;162;5;151;152;153;154;155;156;157;158;159;160;161;162;163;164;165;166;167;168;169;170;171;172;173;174;33;34;163;164;165;166;167;168;169;170;171;172;173;174;33;34;4;5;151;152;153;154;155;156;157;158;159;160;161;162;4;5;151;152;153;154;155;156;157;158;159;160;161;162;163;164;165;166;167;168;169;170;171;172;163;164;165;166;167;168;169;170;171;172;173;174;33;34;4;5;151;152;153;154;155;156;157;158;159;160;161;162;163;164;165;166;167;168;169;170;171;172;
25;24/5;327;173;174;33;34;179;180;181;182;183;184;185;186;187;188;4;5;151;152;153;154;155;156;157;158;159;160;161;162;163;164;165;166;167;168;169;170;171;172;173;174;33;34;179;180;181;182;183;163;164;165;166;167;168;169;170;171;172;173;174;33;34;179;180;181;182;183;184;185;186;187;188;4;5;151;152;153;154;155;156;157;158;159;160;161;162;184;185;186;187;188;4;5;151;152;153;154;155;156;157;158;159;160;161;162;163;164;165;166;167;168;169;170;171;172;173;174;33;34;179;180;181;182;183;163;164;165;166;167;168;169;170;171;172;173;174;33;34;179;180;181;182;183;184;185;186;187;188;4;184;185;186;187;188;4;133;103;104;143;144;145;146;118;119;142;188;4;5;151;152;153;154;155;156;157;158;159;160;161;162;188;4;5;151;152;153;154;155;156;157;158;159;160;161;162;163;164;165;166;167;168;169;170;171;172;173;174;33;34;179;180;181;182;183;163;164;165;166;167;168;169;170;171;172;173;174;33;34;179;180;181;182;183;184;185;186;187;188;4;5;151;152;153;154;155;156;157;158;159;160;161;162;184;185;186;187;188;4;5;151;152;153;154;155;156;157;158;159;160;161;162;163;164;165;166;167;168;169;170;171;172;173;174;33;34;163;164;165;166;167;168;169;170;171;172;173;174;33;34;5;6;7;189;190;191;192;193;44;45;33;133;103;104;143;144;145;146;118;119;142;145;146;118;119;142;5;151;152;
26;26/2;167;153;205;206;207;60;61;194;172;173;174;33;34;108;109;23;195;196;197;198;199;200;201;202;203;204;1;100;101;4;5;151;152;153;205;206;207;60;61;194;172;173;174;33;34;108;109;23;195;196;197;198;199;200;201;202;203;204;1;100;101;4;5;151;152;153;205;206;207;60;61;194;172;173;174;33;34;108;109;23;195;196;197;198;199;200;201;202;203;204;1;100;101;4;5;151;152;153;205;206;207;60;61;194;172;173;174;33;34;108;109;23;195;196;197;198;199;200;201;202;203;204;1;100;101;4;5;151;152;153;205;206;207;60;61;194;172;173;174;33;34;108;109;23;195;196;197;198;199;200;201;202;203;204;1;100;101;4;200;201;202;203;204;1;132;32;151;152;
27;26/3;175;153;205;206;207;60;61;194;172;173;174;33;34;108;109;23;195;196;197;198;199;200;201;202;203;204;1;100;101;4;5;151;152;153;205;206;207;60;61;194;172;173;174;33;34;108;109;23;195;196;197;198;199;200;201;202;203;204;1;100;101;4;5;151;152;153;205;206;207;60;61;194;172;173;174;33;34;108;109;23;195;196;197;198;199;200;201;202;203;204;1;100;101;4;5;151;152;153;205;206;207;60;61;194;172;173;174;33;34;108;109;23;195;196;197;198;199;200;201;202;203;204;1;100;101;4;5;151;152;153;205;206;207;60;61;194;172;173;174;33;34;108;109;23;195;196;197;198;199;200;201;202;203;204;1;100;101;4;5;151;152;153;205;206;207;60;61;194;172;173;174;33;60;61;194;172;
28;26/4;168;153;205;206;207;60;61;194;172;173;174;33;34;108;109;23;195;196;197;198;199;200;201;202;203;204;1;100;101;4;5;151;152;153;205;206;207;60;61;194;172;173;174;33;34;108;109;23;195;196;197;198;199;200;201;202;203;204;1;100;101;4;5;151;152;153;205;206;207;34;108;109;23;195;196;197;198;199;200;201;202;203;204;1;100;101;4;5;151;152;153;205;206;207;60;61;194;172;173;174;33;34;108;109;23;195;196;197;198;199;200;201;202;203;204;1;100;101;4;5;151;152;153;205;206;207;60;61;194;172;173;174;33;34;108;109;23;195;196;197;198;199;200;201;202;203;204;1;100;101;4;5;151;152;153;205;206;207;60;61;194;172;173;174;33;60;61;194;172;
29;27/1;226;173;174;33;34;102;103;208;209;210;211;212;213;214;215;216;217;218;219;220;221;222;223;224;225;226;227;119;120;121;122;123;124;228;229;230;231;125;126;232;2;3;102;103;208;209;210;211;212;213;214;215;216;217;218;219;220;221;222;223;224;225;226;227;119;120;102;103;208;209;210;211;212;213;214;215;216;217;218;219;220;221;222;223;224;225;226;227;119;120;102;103;208;209;210;211;212;213;214;215;216;217;218;219;220;221;222;223;224;225;226;227;119;120;121;122;123;124;228;229;230;231;125;126;232;2;3;102;103;208;209;210;211;212;213;214;215;216;217;218;219;220;221;222;223;224;225;226;227;119;120;102;103;208;209;210;211;212;213;214;215;216;217;218;219;220;221;222;223;224;225;226;227;119;120;121;122;123;124;228;229;230;231;125;126;232;2;3;102;103;208;209;210;211;212;213;214;215;216;217;218;219;220;221;222;223;224;225;226;227;119;120;218;219;220;221;222;223;224;225;226;227;119;142;5;151;152;
30;27/2a;456;173;174;33;133;103;208;209;210;211;212;213;214;215;216;217;218;219;220;221;222;223;224;225;226;227;119;120;121;122;123;124;228;229;102;103;208;209;210;211;212;213;214;215;216;217;230;231;125;126;232;2;3;102;103;208;209;210;211;212;213;214;215;216;217;218;219;220;221;222;223;224;225;226;227;119;120;121;122;123;124;228;229;218;219;220;221;222;223;224;225;226;227;119;120;230;231;125;126;232;2;3;102;103;208;209;210;211;212;213;214;215;216;217;102;103;208;209;210;211;212;213;214;215;216;217;218;219;220;221;222;223;224;225;226;227;119;120;121;122;123;124;228;229;218;219;220;221;222;223;224;225;226;227;119;120;230;231;125;126;232;2;3;102;103;208;209;210;211;212;213;214;215;216;217;102;103;208;209;210;211;212;213;214;215;216;217;218;219;220;221;222;223;224;225;226;227;119;120;121;122;123;124;228;229;218;219;220;221;222;223;224;225;226;227;119;120;102;103;208;209;210;211;212;213;214;215;216;217;230;231;125;126;232;2;3;102;103;208;209;210;211;212;213;214;215;216;217;218;219;220;221;222;223;224;225;226;227;119;120;218;219;220;221;222;223;224;225;226;227;119;120;102;103;208;209;210;211;212;213;214;215;216;217;102;103;208;209;210;211;212;213;214;215;216;217;218;219;220;221;222;223;224;225;226;227;119;120;121;122;123;124;228;229;218;219;220;221;222;223;224;225;226;227;119;120;230;231;125;126;232;2;3;102;103;208;209;210;211;212;213;214;215;216;217;102;103;208;209;210;211;212;213;214;215;216;217;218;219;220;221;222;223;224;225;226;227;119;120;218;219;220;221;222;223;224;225;226;227;119;120;121;122;123;124;228;229;102;103;208;209;210;211;212;213;214;215;216;217;230;231;125;126;232;2;3;218;219;220;221;222;223;224;225;226;227;119;120;102;103;208;209;210;211;212;213;214;215;216;217;218;219;220;221;222;223;224;225;226;227;119;120;218;219;220;221;222;223;224;225;226;227;119;142;5;151;152;
31;27/2b;503;173;174;33;34;102;103;208;209;210;211;212;213;214;215;216;217;218;219;220;221;222;223;224;225;226;227;119;120;121;122;123;124;228;229;230;231;125;126;232;2;3;102;103;208;209;210;211;212;213;214;215;216;217;218;219;220;221;222;223;224;225;226;227;119;120;102;103;208;209;210;211;212;213;214;215;216;217;102;103;208;209;210;211;212;213;214;215;216;217;218;219;220;221;222;223;224;225;226;227;119;120;121;122;123;124;228;229;218;219;220;221;222;223;224;225;226;227;119;120;230;231;125;126;232;2;3;102;103;208;209;210;211;212;213;214;215;216;217;218;219;220;221;222;223;224;225;226;227;119;120;102;103;208;209;210;211;212;213;214;215;216;217;102;103;208;209;210;211;212;213;214;215;216;217;218;219;220;221;222;223;224;225;226;227;119;120;218;219;220;221;222;223;224;225;226;227;119;120;121;122;123;124;228;229;102;103;208;209;210;211;212;213;214;215;216;217;218;219;220;221;222;223;224;225;226;227;119;120;230;231;125;126;232;2;3;102;103;208;209;210;211;212;213;214;215;216;217;102;103;208;209;210;211;212;213;214;215;216;217;218;219;220;221;222;223;224;225;226;227;119;120;218;219;220;221;222;223;224;225;226;227;119;120;102;103;208;209;210;211;212;213;214;215;216;217;102;103;208;209;210;211;212;213;214;215;216;217;218;219;220;221;222;223;224;225;226;227;119;120;218;219;220;221;222;223;224;225;226;227;119;120;102;103;208;209;210;211;212;213;214;215;216;217;102;103;208;209;210;211;212;213;214;215;216;217;218;219;220;221;222;223;224;225;226;227;119;120;218;219;220;221;222;223;224;225;226;227;119;120;102;103;208;209;210;211;212;213;214;215;216;217;102;103;208;209;210;211;212;213;214;215;216;217;218;219;220;221;222;223;224;225;226;227;119;120;218;219;220;221;222;223;224;225;226;227;119;120;121;122;123;124;228;229;230;231;125;126;232;2;3;102;103;208;209;210;211;212;213;214;215;216;217;102;103;208;209;210;211;212;213;214;215;216;217;218;219;220;221;222;223;224;225;226;227;119;120;218;219;220;221;222;223;224;225;226;227;119;120;218;219;220;221;222;223;224;225;226;227;119;142;5;151;152;
32;27/3;223;173;174;33;133;103;208;209;210;211;212;213;214;215;216;217;218;219;220;221;222;223;224;225;226;227;119;120;121;122;123;124;228;229;230;231;125;126;232;2;3;102;103;208;209;210;211;212;213;214;215;216;217;218;219;220;221;222;223;224;225;226;227;119;120;121;122;123;124;228;229;230;231;125;126;232;2;3;102;103;208;209;210;211;212;213;214;215;216;217;218;219;220;221;222;223;224;225;226;227;119;120;102;103;208;209;210;211;212;213;214;215;216;217;218;219;220;221;222;223;224;225;226;227;119;120;121;122;123;124;228;229;230;231;125;126;232;2;3;102;103;208;209;210;211;212;213;214;215;216;217;218;219;220;221;222;223;224;225;226;227;119;120;121;122;123;124;228;229;230;231;125;126;232;2;3;102;103;208;209;210;211;212;213;214;215;216;217;218;219;220;221;222;223;224;225;226;227;119;120;102;103;208;209;210;211;212;213;214;215;216;217;218;219;220;221;222;223;224;225;226;227;119;120;
33;27/4;212;173;174;33;133;103;208;209;210;211;212;213;214;215;216;217;218;219;220;221;222;223;224;225;226;227;119;120;121;122;123;124;228;229;230;231;125;126;232;2;3;102;103;208;209;210;211;212;213;214;215;216;217;218;219;220;221;222;223;224;225;226;227;119;120;121;122;123;124;228;229;230;231;125;126;232;2;3;102;103;208;209;210;211;212;213;214;215;216;217;218;219;220;221;222;223;224;225;226;227;119;120;102;103;208;209;210;211;212;213;214;215;216;217;218;219;220;221;222;223;224;225;226;227;119;120;102;103;208;209;210;211;212;213;214;215;216;217;218;219;220;221;222;223;224;225;226;227;119;120;102;103;208;209;210;211;212;213;214;215;216;217;218;219;220;221;222;223;224;225;226;227;119;120;102;103;208;209;210;211;212;213;214;215;216;217;218;219;220;221;222;223;224;225;226;227;119;120;218;219;220;221;222;223;224;225;226;227;119;142;5;151;152;
34;29/1a;235;173;174;33;34;179;180;181;182;183;248;249;250;251;252;253;254;233;234;235;236;237;238;239;240;241;242;1;100;101;102;103;243;244;119;120;108;109;23;245;246;247;182;183;248;249;250;251;252;253;254;233;234;235;236;237;238;239;240;241;242;1;100;101;4;34;108;109;23;245;246;247;182;183;248;249;250;251;252;253;254;233;234;235;236;237;238;239;240;241;242;1;100;101;102;103;243;244;119;120;108;109;23;245;246;247;182;183;248;249;250;251;252;253;254;233;234;235;236;237;238;239;240;241;242;1;100;101;4;34;108;109;23;245;246;247;182;183;248;249;250;251;252;253;254;233;234;235;236;237;238;239;240;241;242;1;100;101;102;103;243;244;119;142;34;108;109;23;245;246;247;182;183;248;249;250;251;252;253;254;233;234;235;236;237;238;239;240;241;242;1;100;101;102;103;243;244;119;142;34;108;109;23;245;246;247;182;183;248;249;250;251;252;253;254;233;234;235;236;237;238;239;240;241;242;1;100;101;4;233;234;235;255;5;151;152;
35;29/1b;416;173;174;33;34;108;109;23;245;246;247;182;183;248;249;250;251;252;253;254;233;234;235;236;237;238;239;240;241;242;1;100;101;4;34;108;109;23;245;246;247;182;183;248;249;250;251;252;253;254;34;108;109;23;245;246;247;182;183;248;249;250;251;252;253;254;233;234;235;236;237;238;239;240;241;242;1;100;101;102;103;243;233;234;235;236;237;238;239;240;241;242;1;100;101;4;244;119;142;34;108;109;23;245;246;247;182;183;248;249;250;251;252;253;254;233;234;235;236;237;238;239;240;241;242;1;100;101;4;34;108;109;23;245;246;247;182;183;248;249;250;251;252;253;254;233;234;235;236;237;238;239;240;241;242;1;100;101;4;34;108;109;23;245;246;247;182;183;248;249;250;251;252;253;254;233;234;235;236;237;238;239;240;241;242;1;100;101;102;103;243;5;151;152;153;154;155;156;157;158;159;160;161;162;163;164;165;166;167;168;169;170;171;172;173;174;33;244;119;142;34;108;109;23;245;246;247;182;183;248;249;250;251;252;253;254;34;108;109;23;245;246;247;182;183;248;249;250;251;252;253;254;233;234;235;236;237;238;239;240;241;242;1;100;101;4;233;234;235;236;237;238;239;240;241;242;1;100;101;4;133;103;243;244;119;142;133;103;243;244;119;142;34;108;109;23;245;246;247;182;183;248;249;250;251;252;253;254;34;108;109;23;245;246;247;182;183;248;249;250;251;252;253;254;233;234;235;236;237;238;239;240;241;242;1;100;101;4;233;234;235;236;237;238;239;240;241;242;1;100;101;4;34;108;109;23;195;196;197;198;199;200;201;202;203;204;1;100;101;4;34;108;109;23;245;246;247;182;183;248;249;250;251;252;253;254;34;108;109;23;245;246;247;182;183;248;249;250;251;252;253;254;233;234;235;255;233;234;235;255;233;234;235;255;5;151;152;
36;3/1a;419;0;1;2;46;47;48;49;50;51;52;16;17;256;257;258;259;260;45;33;34;35;31;261;262;263;264;265;266;51;52;16;17;256;257;258;259;260;45;33;34;35;31;261;262;263;264;265;266;51;52;16;17;256;257;258;259;260;45;33;34;35;31;261;262;263;264;265;266;51;52;16;17;256;257;258;259;260;45;33;34;35;31;261;262;263;264;265;266;51;52;16;17;256;257;258;259;260;45;33;34;35;31;261;262;263;264;265;266;51;52;16;17;256;257;258;259;260;45;33;34;35;31;261;262;263;264;265;266;51;52;16;17;256;257;258;259;260;45;33;34;35;31;261;262;263;264;265;266;51;52;16;17;256;257;258;259;260;45;33;34;35;31;261;262;263;264;265;266;51;52;16;17;256;257;258;259;260;45;33;34;35;31;261;262;263;264;265;266;51;52;16;17;256;257;258;259;260;45;33;34;35;31;261;262;263;264;265;266;51;52;16;17;256;257;258;259;260;45;33;34;35;31;261;262;263;264;265;266;51;52;16;17;256;257;258;259;260;45;33;34;35;31;261;262;263;264;265;266;51;52;16;17;256;257;258;259;260;45;33;34;35;31;261;262;263;264;265;266;51;52;16;17;256;257;258;259;260;45;33;34;35;31;261;262;263;264;265;266;51;52;16;17;256;257;258;259;260;45;33;34;35;31;261;262;263;264;265;266;51;52;16;17;256;257;258;259;260;45;33;34;35;31;261;262;263;264;265;266;51;52;16;17;256;257;258;259;260;45;33;34;35;31;261;262;263;264;265;266;51;52;16;17;256;257;258;259;260;45;33;34;35;31;261;262;263;264;265;266;51;52;16;17;256;257;258;259;260;45;33;34;35;31;261;262;263;264;265;266;51;52;16;17;256;257;258;259;260;45;33;34;35;31;261;262;263;264;265;266;51;52;16;17;18;19;20;21;22;23;24;
37;3/1b;399;0;1;2;46;47;48;49;50;51;52;16;17;256;257;258;259;260;45;33;34;35;31;261;262;263;264;265;266;51;52;16;17;256;257;258;259;260;45;33;34;35;31;261;262;263;264;265;266;51;52;16;17;256;257;258;259;260;45;33;34;35;31;261;262;263;264;265;266;51;52;16;17;256;257;258;259;260;45;33;34;35;31;261;262;263;264;265;266;51;52;16;17;256;257;258;259;260;45;33;34;35;31;261;262;263;264;265;266;51;52;16;17;256;257;258;259;260;45;33;34;35;31;261;262;263;264;265;266;51;52;16;17;256;257;258;259;260;45;33;34;35;31;261;262;263;264;265;266;51;52;16;17;256;257;258;259;260;45;33;34;35;31;261;262;263;264;265;266;51;52;16;17;256;257;258;259;260;45;33;34;35;31;261;262;263;264;265;266;51;52;16;17;256;257;258;259;260;45;33;34;35;31;261;262;263;264;265;266;51;52;16;17;256;257;258;259;260;45;33;34;35;31;261;262;263;264;265;266;51;52;16;17;256;257;258;259;260;45;33;34;35;31;261;262;263;264;265;266;51;52;16;17;256;257;258;259;260;45;33;34;35;31;261;262;263;264;265;266;51;52;16;17;256;257;258;259;260;45;33;34;35;31;261;262;263;264;265;266;51;52;16;17;256;257;258;259;260;45;33;34;35;31;261;262;263;264;265;266;51;52;16;17;256;257;258;259;260;45;33;34;35;31;261;262;263;264;265;266;51;52;16;17;256;257;258;259;260;45;33;34;35;31;261;262;263;264;265;266;51;52;16;17;256;257;258;259;260;45;33;34;35;31;261;262;263;264;265;266;51;52;16;17;256;257;258;259;260;45;33;34;35;31;261;262;263;264;265;266;51;52;16;17;18;19;20;21;22;23;24;
38;3/2a;379;0;1;2;46;47;48;49;50;51;52;16;17;256;257;258;259;260;45;33;34;35;31;261;262;263;264;265;266;51;52;16;17;256;257;258;259;260;45;33;34;35;31;261;262;263;264;265;266;51;52;16;17;256;257;258;259;260;45;33;34;35;31;261;262;263;264;265;266;51;52;16;17;256;257;258;259;260;45;33;34;35;31;261;262;263;264;265;266;51;52;16;17;256;257;258;259;260;45;33;34;35;31;261;262;263;264;265;266;51;52;16;17;256;257;258;259;260;45;33;34;35;31;261;262;263;264;265;266;51;52;16;17;256;257;258;259;260;45;33;34;35;31;261;262;263;264;265;266;51;52;16;17;256;257;258;259;260;45;33;34;35;31;261;262;263;264;265;266;51;52;16;17;256;257;258;259;260;45;33;34;35;31;261;262;263;264;265;266;51;52;16;17;256;257;258;259;260;45;33;34;35;31;261;262;263;264;265;266;51;52;16;17;256;257;258;259;260;45;33;34;35;31;261;262;263;264;265;266;51;52;16;17;256;257;258;259;260;45;33;34;35;31;261;262;263;264;265;266;51;52;16;17;256;257;258;259;260;45;33;34;35;31;261;262;263;264;265;266;51;52;16;17;256;257;258;259;260;45;33;34;35;31;261;262;263;264;265;266;51;52;16;17;256;257;258;259;260;45;33;34;35;31;261;262;263;264;265;266;51;52;16;17;256;257;258;259;260;45;33;34;35;31;261;262;263;264;265;266;51;52;16;17;256;257;258;259;260;45;33;34;35;31;261;262;263;264;265;266;51;52;16;17;256;257;258;259;260;45;33;34;35;31;261;262;263;264;265;266;51;52;16;17;18;19;20;21;22;23;24;
39;3/2b;439;0;1;2;46;47;48;49;50;51;52;16;17;256;257;258;259;260;45;33;34;35;31;261;262;263;264;265;266;51;52;16;17;256;257;258;259;260;45;33;34;35;31;261;262;263;264;265;266;51;52;16;17;256;257;258;259;260;45;33;34;35;31;261;262;263;264;265;266;51;52;16;17;256;257;258;259;260;45;33;34;35;31;261;262;263;264;265;266;51;52;16;17;256;257;258;259;260;45;33;34;35;31;261;262;263;264;265;266;51;52;16;17;256;257;258;259;260;45;33;34;35;31;261;262;263;264;265;266;51;52;16;17;256;257;258;259;260;45;33;34;35;31;261;262;263;264;265;266;51;52;16;17;256;257;258;259;260;45;33;34;35;31;261;262;263;264;265;266;51;52;16;17;256;257;258;259;260;45;33;34;35;31;261;262;263;264;265;266;51;52;16;17;256;257;258;259;260;45;33;34;35;31;261;262;263;264;265;266;51;52;16;17;256;257;258;259;260;45;33;34;35;31;261;262;263;264;265;266;51;52;16;17;256;257;258;259;260;45;33;34;35;31;261;262;263;264;265;266;51;52;16;17;256;257;258;259;260;45;33;34;35;31;261;262;263;264;265;266;51;52;16;17;256;257;258;259;260;45;33;34;35;31;261;262;263;264;265;266;51;52;16;17;256;257;258;259;260;45;33;34;35;31;261;262;263;264;265;266;51;52;16;17;256;257;258;259;260;45;33;34;35;31;261;262;263;264;265;266;51;52;16;17;256;257;258;259;260;45;33;34;35;31;261;262;263;264;265;266;51;52;16;17;256;257;258;259;260;45;33;34;35;31;261;262;263;264;265;266;51;52;16;17;256;257;258;259;260;45;33;34;35;31;261;262;263;264;265;266;51;52;16;17;256;257;258;259;260;45;33;34;35;31;261;262;263;264;265;266;51;52;16;17;256;257;258;259;260;45;33;34;35;31;261;262;263;264;265;266;51;52;16;17;18;19;20;21;22;23;24;
40;3/3a;192;0;1;2;46;47;48;49;50;51;52;16;17;256;257;258;259;260;45;33;34;35;31;261;262;263;264;265;266;51;52;16;17;256;257;258;259;260;45;33;34;35;31;261;262;263;264;265;266;51;52;16;17;256;257;258;259;260;45;33;34;35;31;261;262;263;264;265;266;51;52;16;17;256;257;258;259;260;45;33;34;35;31;261;262;263;264;265;266;51;52;16;17;18;19;20;267;261;7;8;9;10;11;12;16;17;256;257;258;259;260;45;33;34;35;31;261;262;263;264;265;266;51;52;16;17;256;257;258;259;260;45;33;34;35;31;261;262;263;264;265;266;51;52;16;17;256;257;258;259;260;45;33;34;35;31;261;262;263;264;265;266;51;52;16;17;256;257;258;259;260;45;33;34;35;31;261;262;263;264;265;266;51;52;16;17;18;19;20;21;22;23;24;
41;3/3b;315;0;1;2;46;47;48;49;50;51;52;16;17;256;257;258;259;260;45;33;34;35;31;261;262;263;264;265;266;51;52;16;17;256;257;258;259;260;45;33;34;35;31;261;262;263;264;265;266;51;52;16;17;256;257;258;259;260;45;33;34;35;31;261;262;263;264;265;266;51;52;16;17;256;257;258;259;260;45;33;34;35;31;261;262;263;264;265;266;51;52;16;17;256;257;258;259;260;45;33;34;35;31;261;262;263;264;265;266;51;52;16;17;18;19;20;267;261;7;8;9;10;11;12;16;17;256;257;258;259;260;45;33;34;35;31;261;262;263;264;265;266;51;52;268;63;57;64;65;44;269;270;47;48;49;50;51;52;12;13;14;15;16;17;18;19;20;21;3;4;5;151;152;271;10;11;12;16;17;256;257;258;259;260;45;33;34;35;31;261;262;263;264;265;266;51;52;268;63;57;272;173;174;33;34;35;46;47;48;49;50;51;52;53;54;55;268;16;17;256;257;258;259;260;45;33;34;35;31;261;262;263;264;265;266;51;52;16;17;256;257;258;259;260;45;33;34;35;31;261;262;263;264;265;266;51;52;16;17;256;257;258;259;260;45;33;34;35;31;261;262;263;264;265;266;51;52;16;17;256;257;258;259;260;45;33;34;35;31;261;262;263;264;265;266;51;52;133;103;104;143;144;145;146;118;119;142;145;146;118;119;120;35;22;23;24;
42;3/4;209;0;1;2;3;4;5;6;7;8;9;10;11;12;16;17;256;257;258;259;260;45;33;34;35;31;261;262;263;264;265;266;51;52;16;17;256;257;258;259;260;45;33;34;35;31;261;262;263;264;265;266;51;52;16;17;256;257;258;259;260;45;33;34;35;31;261;262;263;264;265;266;51;52;16;17;256;257;258;259;260;45;33;34;35;31;261;262;263;264;265;266;51;52;16;17;18;19;20;267;261;7;8;9;10;11;12;268;63;57;64;65;44;269;270;47;48;49;50;51;52;16;17;256;257;258;259;260;45;33;34;35;31;261;262;263;264;265;266;51;52;16;17;256;257;258;259;260;45;33;34;35;31;261;262;263;264;265;266;51;52;16;17;256;257;258;259;260;45;33;34;35;31;261;262;263;264;265;266;51;52;16;17;256;257;258;259;260;45;33;34;35;31;261;262;263;264;265;266;51;52;16;17;18;19;20;21;22;23;24;
43;3/5;197;0;1;2;46;47;48;49;50;51;52;16;17;256;257;258;259;260;45;33;34;35;31;261;262;263;264;265;266;51;52;16;17;256;257;258;259;260;45;33;34;35;31;261;262;263;264;265;266;51;52;16;17;256;257;258;259;260;45;33;34;35;31;261;262;263;264;265;266;51;52;12;13;14;15;16;17;18;19;20;21;3;4;5;151;152;271;10;11;12;12;13;14;15;16;17;18;19;20;21;3;4;5;151;152;271;10;11;12;16;17;256;257;258;259;260;45;33;34;35;31;261;262;263;264;265;266;51;52;16;17;256;257;258;259;260;45;33;34;35;31;261;262;263;264;265;266;51;52;16;17;256;257;258;259;260;45;33;34;35;31;261;262;263;264;265;266;51;52;16;17;256;257;258;259;260;45;33;34;35;31;261;262;263;264;265;266;51;52;16;17;18;19;20;21;22;23;24;
44;30/1;142;173;174;33;133;103;104;143;144;145;146;118;119;142;5;6;7;189;190;191;192;193;44;45;33;133;103;104;143;144;145;146;118;119;142;5;6;7;189;190;191;192;193;44;45;33;133;103;104;143;144;145;146;118;119;142;5;6;7;189;190;191;192;193;44;45;33;5;6;7;189;190;191;192;193;44;45;33;133;103;104;143;144;145;146;118;119;142;5;6;7;189;190;191;192;193;44;45;33;5;6;7;189;190;191;192;193;44;45;33;5;6;7;189;190;191;192;193;44;45;33;133;103;104;143;144;145;146;118;119;142;133;103;243;244;119;142;244;119;142;5;151;152;
45;31/1a;359;173;174;33;133;103;104;143;144;145;146;118;119;142;88;89;90;91;92;93;94;34;121;122;123;124;88;89;90;91;92;93;94;34;121;122;123;124;125;126;127;128;4;81;82;83;84;85;86;87;149;125;126;127;128;4;81;82;83;84;85;86;87;149;150;88;89;90;91;92;93;94;34;150;88;89;90;91;92;93;94;34;81;82;83;84;85;86;87;81;82;83;84;85;86;87;88;89;90;91;92;93;94;34;88;89;90;91;92;93;94;34;121;122;123;124;147;102;103;208;209;210;211;212;213;214;215;216;217;148;125;126;127;128;4;81;82;83;84;85;86;87;218;219;220;221;222;223;224;225;226;227;119;120;34;108;109;23;245;246;247;182;183;248;249;250;251;252;253;254;88;89;90;91;92;93;94;34;121;122;123;124;147;233;234;235;236;237;238;239;240;241;242;1;100;101;102;103;243;148;125;126;127;128;4;81;82;83;84;85;86;87;244;119;120;108;109;23;245;246;247;182;183;248;249;250;251;252;253;254;88;89;90;91;92;93;94;34;121;122;123;124;147;233;234;235;236;237;238;239;240;241;242;1;100;101;4;148;125;126;127;128;4;81;82;83;84;85;86;87;102;103;208;209;210;211;212;213;214;215;216;217;88;89;90;91;92;93;94;34;121;122;123;124;147;218;219;220;221;222;223;224;225;226;227;119;120;133;103;104;143;144;148;125;126;127;128;4;145;146;118;119;142;5;6;7;5;175;176;177;178;68;69;70;71;72;73;74;75;76;77;78;129;130;131;132;32;33;74;75;76;77;78;79;19;20;267;32;151;152;
46;31/1b;292;173;174;33;34;4;81;82;83;84;85;86;87;88;89;90;91;92;93;94;34;121;122;123;124;147;148;125;126;127;128;4;81;82;83;84;85;86;87;81;82;83;84;85;86;87;88;89;90;91;92;93;94;34;121;122;123;124;147;88;89;90;91;92;93;94;34;121;122;123;124;147;148;125;126;127;128;4;148;125;126;127;128;4;81;82;83;84;85;86;87;81;82;83;84;85;86;87;88;89;90;91;92;93;94;88;89;90;91;92;93;94;34;4;81;82;83;84;85;86;87;81;82;83;84;85;86;87;88;89;90;91;92;93;94;34;88;89;90;91;92;93;94;34;121;122;123;124;4;81;82;83;84;85;86;87;88;89;90;91;92;93;94;125;126;127;128;4;81;82;83;84;85;86;87;149;81;82;83;84;85;86;87;149;150;88;89;90;91;92;93;94;150;88;89;90;91;92;93;94;163;164;165;166;167;168;169;170;171;172;173;174;33;34;133;103;104;143;144;81;82;83;84;85;86;87;145;146;118;119;142;88;89;90;91;92;93;94;34;121;122;123;124;102;103;104;105;106;107;115;116;117;118;119;120;108;109;23;36;37;110;111;112;125;126;127;128;4;81;82;83;84;85;86;87;97;98;99;29;30;1;100;101;88;89;90;91;92;88;89;90;91;172;
47;31/2;92;173;174;33;81;82;83;84;85;86;87;88;89;90;91;92;93;94;34;121;122;123;124;125;126;127;128;4;81;82;83;84;85;86;87;88;89;90;91;92;93;94;34;121;122;123;124;230;231;125;126;232;2;3;121;122;123;124;228;229;230;231;125;126;232;2;3;81;82;83;84;85;86;87;88;89;90;91;92;93;94;34;5;6;7;189;190;191;192;193;44;45;33;
48;4/1a;387;0;1;132;261;7;8;9;10;11;12;13;14;15;16;17;18;19;20;21;3;4;5;151;152;271;10;11;12;268;63;57;272;173;174;33;34;35;46;47;48;49;50;51;52;53;54;55;268;268;63;57;272;173;174;33;34;35;46;47;48;49;50;51;52;53;54;55;268;12;13;14;15;16;17;18;19;20;21;3;4;5;151;152;271;10;11;12;12;13;14;15;16;17;18;19;20;21;3;4;5;151;152;271;10;11;12;268;63;57;272;173;174;33;34;35;46;47;48;49;50;51;52;53;54;55;268;12;13;14;15;16;17;18;19;20;21;3;4;5;151;152;271;10;11;12;268;63;57;272;173;174;33;34;35;46;47;48;49;50;51;52;53;54;55;268;12;13;14;15;16;17;18;19;20;21;3;4;5;151;152;271;10;11;12;268;63;57;272;173;174;33;34;35;46;47;48;49;50;51;52;53;54;55;268;268;63;57;272;173;174;33;34;35;46;47;48;49;50;51;52;53;54;55;268;12;13;14;15;16;17;18;19;20;21;3;4;5;151;152;271;10;11;12;12;13;14;15;16;17;18;19;20;21;3;4;5;151;152;271;10;11;12;268;63;57;272;173;174;33;34;35;46;47;48;49;50;51;52;53;54;55;268;268;63;57;272;173;174;33;34;35;46;47;48;49;50;51;52;53;54;55;268;12;13;14;15;16;17;18;19;20;21;3;4;5;151;152;271;10;11;12;12;13;14;15;16;17;18;19;20;21;3;4;5;151;152;271;10;11;12;268;63;57;272;173;174;33;34;35;46;47;48;49;50;51;52;53;54;55;268;268;63;57;272;173;174;33;34;35;46;47;48;49;50;51;52;53;54;55;268;192;193;44;269;176;23;24;
49;4/1b;406;0;1;132;261;7;8;9;10;11;12;13;14;15;16;17;18;19;20;21;3;4;5;151;152;271;10;11;12;12;13;14;15;16;17;18;19;20;21;3;4;5;151;152;271;10;11;12;268;63;57;272;173;174;33;34;35;46;47;48;49;50;51;52;53;54;55;268;268;63;57;272;173;174;33;34;35;46;47;48;49;50;51;52;53;54;55;268;12;13;14;15;16;17;18;19;20;21;3;4;5;151;152;271;10;11;12;12;13;14;15;16;17;18;19;20;21;3;4;5;151;152;271;10;11;12;268;63;57;272;173;174;33;34;35;46;47;48;49;50;51;52;53;54;55;268;268;63;57;272;173;174;33;34;35;46;47;48;49;50;51;52;53;54;55;268;12;13;14;15;16;17;18;19;20;21;3;4;5;151;152;271;10;11;12;12;13;14;15;16;17;18;19;20;21;3;4;5;151;152;271;10;11;12;268;63;57;272;173;174;33;34;35;46;47;48;49;50;51;52;53;54;55;268;268;63;57;272;173;174;33;34;35;46;47;48;49;50;51;52;53;54;55;268;12;13;14;15;16;17;18;19;20;21;3;4;5;151;152;271;10;11;12;12;13;14;15;16;17;18;19;20;21;3;4;5;151;152;271;10;11;12;268;63;57;272;173;174;33;34;35;46;47;48;49;50;51;52;53;54;55;268;268;63;57;272;173;174;33;34;35;46;47;48;49;50;51;52;53;54;55;268;12;13;14;15;16;17;18;19;20;21;3;4;5;151;152;271;10;11;12;12;13;14;15;16;17;18;19;20;21;3;4;5;151;152;271;10;11;12;268;63;57;272;173;174;33;34;35;46;47;48;49;50;51;52;53;54;55;268;268;63;57;272;173;174;33;34;35;46;47;48;49;50;51;52;53;54;55;268;192;193;44;269;176;23;24;
50;4/2a;367;0;1;132;261;7;8;9;10;11;12;13;14;15;16;17;18;19;20;21;3;4;5;151;152;271;10;11;12;268;63;57;272;173;174;33;34;35;46;47;48;49;50;51;52;53;54;55;268;12;13;14;15;16;17;18;19;20;21;3;4;5;151;152;271;10;11;12;268;63;57;272;173;174;33;34;35;46;47;48;49;50;51;52;53;54;55;268;12;13;14;15;16;17;18;19;20;21;3;4;5;151;152;271;10;11;12;268;63;57;272;173;174;33;34;35;46;47;48;49;50;51;52;53;54;55;268;268;63;57;272;173;174;33;34;35;46;47;48;49;50;51;52;53;54;55;268;12;13;14;15;16;17;18;19;20;21;3;4;5;151;152;271;10;11;12;12;13;14;15;16;17;18;19;20;21;3;4;5;151;152;271;10;11;12;268;63;57;272;173;174;33;34;35;46;47;48;49;50;51;52;53;54;55;268;268;63;57;272;173;174;33;34;35;46;47;48;49;50;51;52;53;54;55;268;12;13;14;15;16;17;18;19;20;21;3;4;5;151;152;271;10;11;12;12;13;14;15;16;17;18;19;20;21;3;4;5;151;152;271;10;11;12;268;63;57;272;173;174;33;34;35;46;47;48;49;50;51;52;53;54;55;268;268;63;57;272;173;174;33;34;35;46;47;48;49;50;51;52;53;54;55;268;12;13;14;15;16;17;18;19;20;21;3;4;5;151;152;271;10;11;12;12;13;14;15;16;17;18;19;20;21;3;4;5;151;152;271;10;11;12;268;63;57;272;173;174;33;34;35;46;47;48;49;50;51;52;53;54;55;268;192;193;44;269;176;23;24;
51;4/2b;348;0;1;132;261;7;8;9;10;58;268;63;57;272;173;174;33;34;35;46;47;48;49;50;51;52;53;54;55;268;12;13;14;15;16;17;18;19;20;21;3;4;5;151;152;271;10;11;12;12;13;14;15;16;17;18;19;20;21;3;4;5;151;152;271;10;11;12;268;63;57;272;173;174;33;34;35;46;47;48;49;50;51;52;53;54;55;268;268;63;57;272;173;174;33;34;35;46;47;48;49;50;51;52;53;54;55;268;12;13;14;15;16;17;18;19;20;21;3;4;5;151;152;271;10;11;12;12;13;14;15;16;17;18;19;20;21;3;4;5;151;152;271;10;11;12;268;63;57;272;173;174;33;34;35;46;47;48;49;50;51;52;53;54;55;268;268;63;57;272;173;174;33;34;35;46;47;48;49;50;51;52;53;54;55;268;12;13;14;15;16;17;18;19;20;21;3;4;5;151;152;271;10;11;12;12;13;14;15;16;17;18;19;20;21;3;4;5;151;152;271;10;11;12;268;63;57;272;173;174;33;34;35;46;47;48;49;50;51;52;53;54;55;268;12;13;14;15;16;17;18;19;20;21;3;4;5;151;152;271;10;11;12;12;13;14;15;16;17;18;19;20;21;3;4;5;151;152;271;10;11;12;268;63;57;272;173;174;33;34;35;46;47;48;49;50;51;52;53;54;55;268;268;63;57;272;173;174;33;34;35;46;47;48;49;50;51;52;53;54;55;268;12;13;14;15;16;17;18;19;20;21;3;4;5;151;152;271;10;11;12;12;192;193;44;269;176;23;24;
52;4/3a;394;0;1;132;261;7;8;9;10;58;268;63;57;272;173;174;33;34;35;46;47;48;49;50;51;52;53;54;55;268;12;13;14;15;16;17;18;19;20;21;3;4;5;151;152;271;10;11;12;12;13;14;15;16;17;18;19;20;21;3;4;5;151;152;271;10;11;12;268;63;57;272;173;174;33;34;35;46;47;48;49;50;51;52;53;54;55;268;12;13;14;15;16;17;18;19;20;21;3;4;5;151;152;271;10;11;12;268;63;57;272;173;174;33;34;35;46;47;48;49;50;51;52;53;54;55;268;268;63;57;272;173;174;33;34;35;46;47;48;49;50;51;52;53;54;55;268;12;13;14;15;16;17;18;19;20;21;3;4;5;151;152;271;10;11;12;268;63;57;272;173;174;33;34;35;46;47;48;49;50;51;52;53;54;55;268;12;13;14;15;16;17;18;19;20;21;3;4;5;151;152;271;10;11;12;12;13;14;15;16;17;18;19;20;21;3;4;5;151;152;271;10;11;12;268;63;57;272;173;174;33;34;35;46;47;48;49;50;51;52;53;54;55;268;268;63;57;272;173;174;33;34;35;46;47;48;49;50;51;52;53;54;55;268;268;63;57;64;65;44;269;270;47;48;49;50;51;52;12;13;14;15;16;17;18;19;20;21;3;4;5;151;152;271;10;11;12;16;17;18;19;20;267;261;7;8;9;10;11;12;268;63;57;272;173;174;33;34;35;46;47;48;49;50;51;52;53;54;55;268;12;13;14;15;16;17;18;19;20;21;3;4;5;151;152;271;10;11;12;12;13;14;15;16;17;18;19;20;21;3;4;5;151;152;271;10;11;12;12;13;14;15;16;17;18;19;20;21;3;4;5;151;152;271;10;11;12;12;192;193;44;269;176;23;24;
53;4/3b;427;0;1;132;261;7;8;9;10;58;268;63;57;272;173;174;33;34;35;46;47;48;49;50;51;52;53;54;55;268;268;63;57;272;173;174;33;34;35;46;47;48;49;50;51;52;53;54;55;268;12;13;14;15;16;17;18;19;20;21;3;4;5;151;152;271;10;11;12;12;13;14;15;16;17;18;19;20;21;3;4;5;151;152;271;10;11;12;268;63;57;272;173;174;33;34;35;46;47;48;49;50;51;52;53;54;55;268;268;63;57;272;173;174;33;34;35;46;47;48;49;50;51;52;53;54;55;268;12;13;14;15;16;17;18;19;20;21;3;4;5;151;152;271;10;11;12;12;13;14;15;16;17;18;19;20;21;3;4;5;151;152;271;10;11;12;268;63;57;272;173;174;33;34;35;46;47;48;49;50;51;52;53;54;55;268;268;63;57;272;173;174;33;34;35;46;47;48;49;50;51;52;53;54;55;268;12;13;14;15;16;17;18;19;20;21;3;4;5;151;152;271;10;11;12;268;63;57;272;173;174;33;34;35;46;47;48;49;50;51;52;53;54;55;268;268;63;57;272;173;174;33;34;35;46;47;48;49;50;51;52;53;54;55;268;12;13;14;15;16;17;18;19;20;21;3;4;5;151;152;271;10;11;12;12;13;14;15;16;17;18;19;20;21;3;4;5;151;152;271;10;11;12;268;63;57;272;173;174;33;34;35;46;47;48;49;50;51;52;53;54;55;268;268;63;57;272;173;174;33;34;35;46;47;48;49;50;51;52;53;54;55;268;12;13;14;15;16;17;18;19;20;21;3;4;5;151;152;271;10;11;12;12;13;14;15;16;17;18;19;20;21;3;4;5;151;152;271;10;11;12;268;63;57;272;173;174;33;34;35;46;47;48;49;50;51;52;53;54;55;268;268;63;57;272;173;174;33;34;35;46;47;48;49;50;51;52;53;54;55;268;192;193;44;269;176;23;24;
54;4/4a;378;0;1;2;3;4;5;6;7;8;9;10;11;268;63;57;272;173;174;33;34;35;46;47;48;49;50;51;52;53;54;55;268;12;13;14;15;16;17;18;19;20;21;3;4;5;151;152;271;10;11;12;12;13;14;15;16;17;18;19;20;21;3;4;5;151;152;271;10;11;12;268;63;57;272;173;174;33;34;35;46;47;48;49;50;51;52;53;54;55;268;268;63;57;272;173;174;33;34;35;46;47;48;49;50;51;52;53;54;55;268;12;13;14;15;16;17;18;19;20;21;3;4;5;151;152;271;10;11;12;12;13;14;15;16;17;18;19;20;21;3;4;5;151;152;271;10;11;12;268;63;57;64;65;44;269;270;47;48;49;50;51;52;268;63;57;272;173;174;33;34;35;46;47;48;49;50;51;52;53;54;55;268;16;17;18;19;20;267;261;7;8;9;10;11;12;12;13;14;15;16;17;18;19;20;21;3;4;5;151;152;271;10;11;12;12;13;14;15;16;17;18;19;20;21;3;4;5;151;152;271;10;11;12;268;63;57;272;173;174;33;34;35;46;47;48;49;50;51;52;53;54;55;268;268;63;57;272;173;174;33;34;35;46;47;48;49;50;51;52;53;54;55;268;12;13;14;15;16;17;18;19;20;21;3;4;5;151;152;271;10;11;12;12;13;14;15;16;17;18;19;20;21;3;4;5;151;152;271;10;11;12;268;63;57;272;173;174;33;34;35;46;47;48;49;50;51;52;53;54;55;268;268;63;57;272;173;174;33;34;35;46;47;48;49;50;51;52;53;54;55;268;12;13;14;15;16;17;18;19;20;21;3;4;5;151;152;271;10;11;12;12;192;193;44;269;176;23;24;
55;4/4b;362;0;1;132;261;7;8;9;10;11;12;13;14;15;16;17;18;19;20;21;3;4;5;151;152;271;10;11;12;268;63;57;272;173;174;33;34;35;46;47;48;49;50;51;52;53;54;55;268;268;63;57;272;173;174;33;34;35;46;47;48;49;50;51;52;53;54;55;268;12;13;14;15;16;17;18;19;20;21;3;4;5;151;152;271;10;11;12;12;13;14;15;16;17;18;19;20;21;3;4;5;151;152;271;10;11;12;268;63;57;272;173;174;33;34;35;46;47;48;49;50;51;52;53;54;55;268;268;63;57;272;173;174;33;34;35;46;47;48;49;50;51;52;53;54;55;268;12;13;14;15;16;17;18;19;20;21;3;4;5;151;152;271;10;11;12;12;13;14;15;16;17;18;19;20;21;3;4;5;151;152;271;10;11;12;268;63;57;272;173;174;33;34;35;46;47;48;49;50;51;52;53;54;55;268;268;63;57;272;173;174;33;34;35;46;47;48;49;50;51;52;53;54;55;268;12;13;14;15;16;17;18;19;20;21;3;4;5;151;152;271;10;11;12;12;13;14;15;16;17;18;19;20;21;3;4;5;151;152;271;10;11;12;268;63;57;64;65;44;269;270;47;48;49;50;51;52;268;63;57;272;173;174;33;34;35;46;47;48;49;50;51;52;53;54;55;268;12;13;14;15;16;17;18;19;20;21;3;4;5;151;152;271;10;11;12;268;63;57;272;173;174;33;34;35;46;47;48;49;50;51;52;53;54;55;268;12;13;14;15;16;17;18;19;20;21;3;4;5;151;152;271;10;11;12;12;192;193;44;269;176;23;24;
56;4/5a;348;0;1;132;261;7;8;9;10;11;12;13;14;15;16;17;18;19;20;21;3;4;5;151;152;271;10;11;12;268;63;57;272;173;174;33;34;35;46;47;48;49;50;51;52;53;54;55;268;12;13;14;15;16;17;18;19;20;21;3;4;5;151;152;271;10;11;12;268;63;57;272;173;174;33;34;35;46;47;48;49;50;51;52;53;54;55;268;12;13;14;15;16;17;18;19;20;21;3;4;5;151;152;271;10;11;12;12;13;14;15;16;17;18;19;20;21;3;4;5;151;152;271;10;11;12;268;63;57;272;173;174;33;34;35;46;47;48;49;50;51;52;53;54;55;268;268;63;57;272;173;174;33;34;35;46;47;48;49;50;51;52;53;54;55;268;12;13;14;15;16;17;18;19;20;21;3;4;5;151;152;271;10;11;12;12;13;14;15;16;17;18;19;20;21;3;4;5;151;152;271;10;11;12;268;63;57;272;173;174;33;34;35;46;47;48;49;50;51;52;53;54;55;268;268;63;57;272;173;174;33;34;35;46;47;48;49;50;51;52;53;54;55;268;12;13;14;15;16;17;18;19;20;21;3;4;5;151;152;271;10;11;12;12;13;14;15;16;17;18;19;20;21;3;4;5;151;152;271;10;11;12;268;63;57;272;173;174;33;34;35;46;47;48;49;50;51;52;53;54;55;268;268;63;57;272;173;174;33;34;35;46;47;48;49;50;51;52;53;54;55;268;12;13;14;15;16;17;18;19;20;21;3;4;5;151;152;271;10;11;12;12;192;193;44;269;176;23;24;
57;4/5b;388;0;1;132;261;7;8;9;10;11;12;13;14;15;16;17;18;19;20;21;3;4;5;151;152;271;10;11;12;268;63;57;272;173;174;33;34;35;46;47;48;49;50;51;52;53;54;55;268;268;63;57;272;173;174;33;34;35;46;47;48;49;50;51;52;53;54;55;268;12;13;14;15;16;17;18;19;20;21;3;4;5;151;152;271;10;11;12;12;13;14;15;16;17;18;19;20;21;3;4;5;151;152;271;10;11;12;268;63;57;272;173;174;33;34;35;46;47;48;49;50;51;52;53;54;55;268;268;63;57;272;173;174;33;34;35;46;47;48;49;50;51;52;53;54;55;268;12;13;14;15;16;17;18;19;20;21;3;4;5;151;152;271;10;11;12;12;13;14;15;16;17;18;19;20;21;3;4;5;151;152;271;10;11;12;268;63;57;272;173;174;33;34;35;46;47;48;49;50;51;52;53;54;55;268;268;63;57;272;173;174;33;34;35;46;47;48;49;50;51;52;53;54;55;268;12;13;14;15;16;17;18;19;20;21;3;4;5;151;152;271;10;11;12;268;63;57;272;173;174;33;34;35;46;47;48;49;50;51;52;53;54;55;268;268;63;57;272;173;174;33;34;35;46;47;48;49;50;51;52;53;54;55;268;12;13;14;15;16;17;18;19;20;21;3;4;5;151;152;271;10;11;12;12;13;14;15;16;17;18;19;20;21;3;4;5;151;152;271;10;11;12;268;63;57;272;173;174;33;34;35;46;47;48;49;50;51;52;53;54;55;268;268;63;57;272;173;174;33;34;35;46;47;48;49;50;51;52;53;54;55;268;12;13;14;15;16;17;18;19;20;21;3;4;5;151;152;271;10;11;12;12;192;193;44;269;176;23;24;
58;4/6;227;0;1;132;261;7;8;9;10;58;268;63;57;272;173;174;33;34;35;46;47;48;49;50;51;52;53;54;55;268;12;13;14;15;16;17;18;19;20;21;3;4;5;151;152;271;10;11;12;268;63;57;272;173;174;33;34;35;46;47;48;49;50;51;52;53;54;55;268;268;63;57;272;173;174;33;34;35;46;47;48;49;50;51;52;53;54;55;268;268;63;57;64;65;44;269;270;47;48;49;50;51;52;268;63;57;272;173;174;33;34;35;46;47;48;49;50;51;52;53;54;55;268;12;13;14;15;16;17;18;19;20;21;3;4;5;151;152;271;10;11;12;268;63;57;272;173;174;33;34;35;46;47;48;49;50;51;52;53;54;55;268;12;13;14;15;16;17;18;19;20;21;3;4;5;151;152;271;10;11;12;268;63;57;272;173;174;33;34;35;46;47;48;49;50;51;52;53;54;55;268;12;13;14;15;16;17;18;19;20;21;3;4;5;151;152;271;10;11;12;12;192;193;44;269;176;23;24;
59;4/7;212;0;1;132;261;7;8;9;10;11;12;13;14;15;16;17;18;19;20;21;3;4;5;151;152;271;10;11;12;268;63;57;272;173;174;33;34;35;46;47;48;49;50;51;52;53;54;55;268;12;13;14;15;16;17;18;19;20;21;3;4;5;151;152;271;10;11;12;268;63;57;272;173;174;33;34;35;46;47;48;49;50;51;52;53;54;55;268;268;63;57;272;173;174;33;34;35;46;47;48;49;50;51;52;53;54;55;268;12;13;14;15;16;17;18;19;20;21;3;4;5;151;152;271;10;11;12;268;63;57;272;173;174;33;34;35;46;47;48;49;50;51;52;53;54;55;268;12;13;14;15;16;17;18;19;20;21;3;4;5;151;152;271;10;11;12;268;63;57;272;173;174;33;34;35;46;47;48;49;50;51;52;53;54;55;268;12;13;14;15;16;17;18;19;20;21;3;4;5;151;152;271;10;11;12;12;192;193;44;269;176;23;24;
60;4/8a;192;0;1;132;261;7;8;9;10;11;12;13;14;15;16;17;18;19;20;21;3;4;5;151;152;271;10;11;12;268;63;57;272;173;174;33;34;35;46;47;48;49;50;51;52;53;54;55;268;12;13;14;15;16;17;18;19;20;21;3;4;5;151;152;271;10;11;12;268;63;57;272;173;174;33;34;35;46;47;48;49;50;51;52;53;54;55;268;12;13;14;15;16;17;18;19;20;21;3;4;5;151;152;271;10;11;12;268;63;57;272;173;174;33;34;35;46;47;48;49;50;51;52;53;54;55;268;12;13;14;15;16;17;18;19;20;21;3;4;5;151;152;271;10;11;12;268;63;57;272;173;174;33;34;35;46;47;48;49;50;51;52;53;54;55;268;12;13;14;15;16;17;18;19;20;21;3;4;5;151;152;271;10;11;12;12;192;193;44;269;176;23;24;
61;4/8b;212;0;1;132;261;7;8;9;10;58;268;63;57;272;173;174;33;34;35;46;47;48;49;50;51;52;53;54;55;268;12;13;14;15;16;17;18;19;20;21;3;4;5;151;152;271;10;11;12;268;63;57;272;173;174;33;34;35;46;47;48;49;50;51;52;53;54;55;268;12;13;14;15;16;17;18;19;20;21;3;4;5;151;152;271;10;11;12;268;63;57;272;173;174;33;34;35;46;47;48;49;50;51;52;53;54;55;268;12;13;14;15;16;17;18;19;20;21;3;4;5;151;152;271;10;11;12;268;63;57;272;173;174;33;34;35;46;47;48;49;50;51;52;53;54;55;268;12;13;14;15;16;17;18;19;20;21;3;4;5;151;152;271;10;11;12;268;63;57;272;173;174;33;34;35;46;47;48;49;50;51;52;53;54;55;268;12;13;14;15;16;17;18;19;20;21;3;4;5;151;152;271;10;11;12;12;192;193;44;269;176;23;24;
62;4/9;250;0;1;132;261;7;8;9;10;58;268;63;57;272;173;174;33;34;35;46;47;48;49;50;51;52;53;54;55;268;12;13;14;15;16;17;18;19;20;21;3;4;5;151;152;271;10;11;12;268;63;57;272;173;174;33;34;35;46;47;48;49;50;51;52;53;54;55;268;12;13;14;15;16;17;18;19;20;21;3;4;5;151;152;271;10;11;12;268;63;57;272;173;174;33;34;35;46;47;48;49;50;51;52;53;54;55;268;12;13;14;15;16;17;18;19;20;21;3;4;5;151;152;271;10;11;12;12;13;14;15;16;17;18;19;20;21;3;4;5;151;152;271;10;11;12;268;63;57;272;173;174;33;34;35;46;47;48;49;50;51;52;53;54;55;268;12;13;14;15;16;17;18;19;20;21;3;4;5;151;152;271;10;11;12;268;63;57;272;173;174;33;34;35;46;47;48;49;50;51;52;53;54;55;268;12;13;14;15;16;17;18;19;20;21;3;4;5;151;152;271;10;11;12;268;63;57;272;173;174;33;34;35;46;47;48;49;50;51;52;53;54;55;268;192;193;44;269;176;23;24;
63;5/1a;382;0;1;2;46;47;48;49;50;51;52;16;17;18;19;20;267;261;7;8;9;10;11;12;268;63;57;64;65;44;269;270;47;48;49;50;51;52;268;63;57;64;65;44;269;270;47;48;49;50;51;52;16;17;18;19;20;267;261;7;8;9;10;11;12;16;17;18;19;20;267;261;7;8;9;10;11;12;268;63;57;64;65;44;269;270;47;48;49;50;51;52;268;63;57;64;65;44;269;270;47;48;49;50;51;52;16;17;18;19;20;267;261;7;8;9;10;11;12;16;17;18;19;20;267;261;7;8;9;10;11;12;268;63;57;64;65;44;269;270;47;48;49;50;51;52;268;63;57;64;65;44;269;270;47;48;49;50;51;52;16;17;18;19;20;267;261;7;8;9;10;11;12;16;17;18;19;20;267;261;7;8;9;10;11;12;268;63;57;64;65;44;269;270;47;48;49;50;51;52;268;63;57;64;65;44;269;270;47;48;49;50;51;52;16;17;18;19;20;267;261;7;8;9;10;11;12;16;17;18;19;20;267;261;7;8;9;10;11;12;268;63;57;64;65;44;269;270;47;48;49;50;51;52;268;63;57;64;65;44;269;270;47;48;49;50;51;52;16;17;18;19;20;267;261;7;8;9;10;11;12;16;17;18;19;20;267;261;7;8;9;10;11;12;268;63;57;64;65;44;269;270;47;48;49;50;51;52;268;63;57;64;65;44;269;270;47;48;49;50;51;52;16;17;18;19;20;267;261;7;8;9;10;11;12;16;17;18;19;20;267;261;7;8;9;10;11;12;268;63;57;64;65;44;269;270;47;48;49;50;51;52;268;63;57;64;65;44;269;270;47;48;49;50;51;52;192;193;44;269;176;23;24;
64;5/1b;408;0;1;2;46;47;48;49;50;51;52;16;17;18;19;20;267;261;7;8;9;10;11;12;16;17;18;19;20;267;261;7;8;9;10;11;12;268;63;57;64;65;44;269;270;47;48;49;50;51;52;268;63;57;64;65;44;269;270;47;48;49;50;51;52;16;17;18;19;20;267;261;7;8;9;10;11;12;16;17;18;19;20;267;261;7;8;9;10;11;12;268;63;57;64;65;44;269;270;47;48;49;50;51;52;268;63;57;64;65;44;269;270;47;48;49;50;51;52;16;17;18;19;20;267;261;7;8;9;10;11;12;16;17;18;19;20;267;261;7;8;9;10;11;12;268;63;57;64;65;44;269;270;47;48;49;50;51;52;268;63;57;64;65;44;269;270;47;48;49;50;51;52;16;17;18;19;20;267;261;7;8;9;10;11;12;268;63;57;64;65;44;269;270;47;48;49;50;51;52;16;17;18;19;20;267;261;7;8;9;10;11;12;16;17;18;19;20;267;261;7;8;9;10;11;12;268;63;57;64;65;44;269;270;47;48;49;50;51;52;268;63;57;64;65;44;269;270;47;48;49;50;51;52;16;17;18;19;20;267;261;7;8;9;10;11;12;16;17;18;19;20;267;261;7;8;9;10;11;12;268;63;57;64;65;44;269;270;47;48;49;50;51;52;268;63;57;64;65;44;269;270;47;48;49;50;51;52;16;17;18;19;20;267;261;7;8;9;10;11;12;16;17;18;19;20;267;261;7;8;9;10;11;12;268;63;57;64;65;44;269;270;47;48;49;50;51;52;268;63;57;64;65;44;269;270;47;48;49;50;51;52;16;17;18;19;20;267;261;7;8;9;10;11;12;16;17;18;19;20;267;261;7;8;9;10;11;12;268;63;57;64;65;44;269;270;47;48;49;50;51;52;192;193;44;269;176;23;24;
65;5/2;260;0;1;2;46;47;48;49;50;51;52;16;17;18;19;20;267;261;7;8;9;10;11;12;268;63;57;64;65;44;269;270;47;48;49;50;51;52;16;17;18;19;20;267;261;7;8;9;10;11;12;268;63;57;64;65;44;269;270;47;48;49;50;51;52;16;17;18;19;20;267;261;7;8;9;10;11;12;268;63;57;64;65;44;269;270;47;48;49;50;51;52;16;17;18;19;20;267;261;7;8;9;10;11;12;268;63;57;64;65;44;269;270;47;48;49;50;51;52;16;17;18;19;20;267;261;7;8;9;10;11;12;268;63;57;64;65;44;269;270;47;48;49;50;51;52;16;17;18;19;20;267;261;7;8;9;10;11;12;268;63;57;64;65;44;269;270;47;48;49;50;51;52;16;17;18;19;20;267;261;7;8;9;10;11;12;268;63;57;64;65;44;269;270;47;48;49;50;51;52;16;17;18;19;20;267;261;7;8;9;10;11;12;268;63;57;64;65;44;269;270;47;48;49;50;51;52;16;17;18;19;20;267;261;7;8;9;10;11;12;268;63;57;64;65;44;269;270;47;48;49;50;51;52;192;193;44;269;176;23;24;
66;5/3a;354;0;1;132;261;7;8;9;10;58;268;63;57;64;65;44;269;270;47;48;49;50;51;52;16;17;18;19;20;267;261;7;8;9;10;11;12;16;17;18;19;20;267;261;7;8;9;10;11;12;268;63;57;64;65;44;269;270;47;48;49;50;51;52;268;63;57;64;65;44;269;270;47;48;49;50;51;52;16;17;18;19;20;267;261;7;8;9;10;11;12;16;17;18;19;20;267;261;7;8;9;10;11;12;268;63;57;64;65;44;269;270;47;48;49;50;51;52;16;17;18;19;20;267;261;7;8;9;10;11;12;268;63;57;64;65;44;269;270;47;48;49;50;51;52;268;63;57;64;65;44;269;270;47;48;49;50;51;52;16;17;18;19;20;267;261;7;8;9;10;11;12;268;63;57;64;65;44;269;270;47;48;49;50;51;52;16;17;18;19;20;267;261;7;8;9;10;11;12;16;17;18;19;20;267;261;7;8;9;10;11;12;268;63;57;64;65;44;269;270;47;48;49;50;51;52;268;63;57;64;65;44;269;270;47;48;49;50;51;52;16;17;18;19;20;267;261;7;8;9;10;11;12;16;17;18;19;20;267;261;7;8;9;10;11;12;268;63;57;64;65;44;269;270;47;48;49;50;51;52;268;63;57;64;65;44;269;270;47;48;49;50;51;52;16;17;18;19;20;267;261;7;8;9;10;11;12;16;17;18;19;20;267;261;7;8;9;10;11;12;268;63;57;64;65;44;269;270;47;48;49;50;51;52;268;63;57;64;65;44;269;270;47;48;49;50;51;52;192;193;44;269;176;23;24;
67;5/3b;354;0;1;2;46;47;48;49;50;51;52;16;17;18;19;20;267;261;7;8;9;10;11;12;16;17;18;19;20;267;261;7;8;9;10;11;12;268;63;57;64;65;44;269;270;47;48;49;50;51;52;268;63;57;64;65;44;269;270;47;48;49;50;51;52;16;17;18;19;20;267;261;7;8;9;10;11;12;16;17;18;19;20;267;261;7;8;9;10;11;12;268;63;57;64;65;44;269;270;47;48;49;50;51;52;16;17;18;19;20;267;261;7;8;9;10;11;12;268;63;57;64;65;44;269;270;47;48;49;50;51;52;268;63;57;64;65;44;269;270;47;48;49;50;51;52;16;17;18;19;20;267;261;7;8;9;10;11;12;268;63;57;64;65;44;269;270;47;48;49;50;51;52;16;17;18;19;20;267;261;7;8;9;10;11;12;268;63;57;64;65;44;269;270;47;48;49;50;51;52;16;17;18;19;20;267;261;7;8;9;10;11;12;16;17;18;19;20;267;261;7;8;9;10;11;12;268;63;57;64;65;44;269;270;47;48;49;50;51;52;268;63;57;64;65;44;269;270;47;48;49;50;51;52;16;17;18;19;20;267;261;7;8;9;10;11;12;16;17;18;19;20;267;261;7;8;9;10;11;12;268;63;57;64;65;44;269;270;47;48;49;50;51;52;16;17;18;19;20;267;261;7;8;9;10;11;12;268;63;57;64;65;44;269;270;47;48;49;50;51;52;16;17;18;19;20;267;261;7;8;9;10;11;12;268;63;57;64;65;44;269;270;47;48;49;50;51;52;192;193;44;269;176;23;24;
68;5/4b;221;0;1;2;46;47;48;49;50;51;52;16;17;18;19;20;267;261;7;8;9;10;11;12;268;63;57;64;65;44;269;270;47;48;49;50;51;52;16;17;18;19;20;267;261;7;8;9;10;11;12;268;63;57;64;65;44;269;270;47;48;49;50;51;52;16;17;18;19;20;267;261;7;8;9;10;11;12;268;63;57;64;65;44;269;270;47;48;49;50;51;52;16;17;18;19;20;267;261;7;8;9;10;11;12;268;63;57;64;65;44;269;270;47;48;49;50;51;52;16;17;18;19;20;267;261;7;8;9;10;11;12;268;63;57;64;65;44;269;270;47;48;49;50;51;52;16;17;18;19;20;267;261;7;8;9;10;11;12;268;63;57;64;65;44;269;270;47;48;49;50;51;52;16;17;18;19;20;267;261;7;8;9;10;11;12;268;63;57;64;65;44;269;270;47;48;49;50;51;52;16;17;18;19;20;267;261;7;8;9;10;11;12;16;17;18;19;20;21;22;23;24;
69;6/1a;200;228;229;25;26;27;28;29;30;1;2;3;4;5;6;7;8;9;10;11;63;57;64;65;44;45;33;34;35;22;23;36;37;38;39;40;41;25;26;27;28;29;30;1;2;3;4;5;6;7;8;9;10;11;63;57;64;65;44;45;33;34;35;22;23;36;37;38;39;40;41;25;26;27;28;29;30;1;2;3;4;5;6;7;8;9;10;11;63;57;64;65;44;45;33;34;35;22;23;36;37;38;39;40;41;25;26;27;28;29;30;1;2;3;4;5;6;7;42;43;44;45;33;34;35;22;23;36;37;38;39;40;41;25;26;27;28;29;30;1;2;3;4;5;6;7;8;9;10;11;63;57;64;65;44;45;33;34;35;22;23;36;37;38;39;40;41;25;26;27;28;29;30;1;2;3;4;5;6;7;42;43;44;45;33;34;35;22;23;36;37;38;39;40;41;43;44;269;176;23;24;
70;6/1b;323;228;229;25;26;27;28;29;30;1;2;3;4;5;6;7;8;9;10;11;63;57;64;65;44;45;33;34;35;22;23;36;37;38;39;40;41;25;26;27;28;29;30;1;2;3;4;5;6;7;8;9;10;11;63;57;64;65;44;45;33;34;35;22;23;36;37;38;39;40;41;25;26;27;28;29;30;1;2;3;4;5;6;7;42;43;44;45;33;34;35;22;23;36;37;38;39;40;41;25;26;27;28;29;30;1;2;3;4;5;6;7;42;43;44;45;33;34;35;22;23;36;37;38;39;40;41;25;26;27;28;29;30;1;2;46;47;48;49;50;51;52;53;54;55;56;57;10;58;13;14;15;16;17;18;19;20;21;22;23;36;37;38;39;40;41;25;26;27;28;29;30;1;2;3;4;5;6;7;8;9;10;11;63;57;64;65;44;45;33;34;35;22;23;36;37;38;39;40;41;25;26;27;28;29;30;1;2;46;47;48;49;50;51;52;53;54;55;56;57;25;26;27;28;29;30;1;2;46;47;48;49;50;51;52;53;54;55;56;57;25;26;27;28;29;30;1;2;3;4;5;6;7;8;9;10;11;10;58;13;14;15;16;17;18;19;20;21;22;23;36;37;38;39;40;41;10;58;13;14;15;16;17;18;19;20;21;22;23;36;37;38;39;40;41;63;57;64;65;44;45;33;34;35;22;23;36;37;38;39;40;41;25;26;27;28;29;30;1;2;3;4;230;231;
71;6/2a;224;0;1;132;261;7;8;9;10;11;63;57;64;65;44;45;33;34;35;22;23;36;37;38;39;40;41;25;26;27;28;29;30;1;2;3;4;5;6;7;8;9;10;11;63;57;64;65;44;45;33;34;35;22;23;36;37;38;39;40;41;25;26;27;28;29;30;1;2;3;4;5;6;7;8;9;10;11;63;57;64;65;44;45;33;34;35;22;23;36;37;38;39;40;41;25;26;27;28;29;30;1;2;3;4;5;6;7;8;9;10;11;63;57;64;65;44;45;33;34;35;22;23;36;37;38;39;40;41;25;26;27;28;29;30;1;2;3;4;5;6;7;42;43;44;45;33;34;35;22;23;36;37;38;39;40;41;25;26;27;28;29;30;1;2;3;4;5;6;7;8;9;10;11;63;57;64;65;44;45;33;34;35;22;23;36;37;38;39;40;41;25;26;27;28;29;30;1;2;3;4;5;6;7;42;43;44;45;33;34;35;22;23;36;37;38;39;40;41;43;44;269;176;23;24;
72;6/2b;204;228;229;25;26;27;28;29;30;1;2;3;4;5;6;7;42;43;44;45;33;34;35;22;23;36;37;38;39;40;41;25;26;27;28;29;30;1;2;31;32;33;34;35;22;23;36;37;38;39;40;41;25;26;27;28;29;30;1;2;31;32;33;34;35;22;23;36;37;38;39;40;41;25;26;27;28;29;30;1;2;3;4;5;6;7;8;9;10;11;63;57;64;65;44;45;33;34;35;22;23;36;37;38;39;40;41;25;26;27;28;29;30;1;2;3;4;5;6;7;42;43;44;45;33;34;35;22;23;36;37;38;39;40;41;25;26;27;28;29;30;1;2;3;4;5;6;7;42;43;44;45;33;34;35;22;23;36;37;38;39;40;41;25;26;27;28;29;30;1;2;3;4;5;6;7;8;9;10;11;63;57;64;65;44;45;33;34;35;22;23;36;37;38;39;40;41;12;192;193;44;269;176;23;24;
73;6/3a;196;228;229;25;26;27;28;29;30;1;2;3;4;5;6;7;8;9;10;11;63;57;64;65;44;45;33;34;35;22;23;36;37;38;39;40;41;25;26;27;28;29;30;1;2;3;4;5;6;7;8;9;10;11;63;57;64;65;44;45;33;34;35;22;23;36;37;38;39;40;41;25;26;27;28;29;30;1;2;3;4;5;6;7;42;43;44;45;33;34;35;22;23;36;37;38;39;40;41;25;26;27;28;29;30;1;2;3;4;5;6;7;42;43;44;45;33;34;35;22;23;36;37;38;39;40;41;25;26;27;28;29;30;1;2;3;4;5;6;7;42;43;44;45;33;34;35;22;23;36;37;38;39;40;41;25;26;27;28;29;30;1;2;3;4;5;6;7;8;9;10;11;63;57;64;65;44;45;33;34;35;22;23;36;37;38;39;40;41;12;192;193;44;269;176;23;24;
74;6/3b;222;228;229;25;26;27;28;29;30;1;2;46;47;48;49;50;51;52;53;54;55;56;57;10;58;13;14;15;16;17;18;19;20;21;22;23;36;37;38;39;40;41;25;26;27;28;29;30;1;2;3;4;5;6;7;8;9;10;11;63;57;64;65;44;45;33;34;35;22;23;36;37;38;39;40;41;25;26;27;28;29;30;1;2;3;4;5;6;7;42;43;44;45;33;34;35;22;23;36;37;38;39;40;41;25;26;27;28;29;30;1;2;31;32;33;34;35;22;23;36;37;38;39;40;41;25;26;27;28;29;30;1;2;3;4;5;6;7;42;43;44;45;33;34;35;22;23;36;37;38;39;40;41;25;26;27;28;29;30;1;2;3;4;5;6;7;42;43;44;45;33;34;35;22;23;36;37;38;39;40;41;25;26;27;28;29;30;1;2;3;4;5;6;7;8;9;10;11;63;57;64;65;44;45;33;34;35;22;23;36;37;38;39;40;41;12;192;193;44;269;176;23;24;
75;6/4a;230;0;1;132;261;7;8;9;10;11;63;57;64;65;44;45;33;34;35;22;23;36;37;38;39;40;41;25;26;27;28;29;30;1;2;3;4;5;6;7;8;9;10;11;63;57;64;65;44;45;33;34;35;22;23;36;37;38;39;40;41;25;26;27;28;29;30;1;2;3;4;5;6;7;8;9;10;11;63;57;64;65;44;45;33;34;35;22;23;36;37;38;39;40;41;25;26;27;28;29;30;1;2;3;4;5;6;7;8;9;10;11;63;57;64;65;44;45;33;34;35;22;23;36;37;38;39;40;41;25;26;27;28;29;30;1;2;3;4;5;6;7;42;43;44;45;33;34;35;22;23;36;37;38;39;40;41;25;26;27;28;29;30;1;2;3;4;5;6;7;42;43;44;45;33;34;35;22;23;36;37;38;39;40;41;25;26;27;28;29;30;1;2;46;47;48;49;50;51;52;53;54;55;56;57;10;58;13;14;15;16;17;18;19;20;21;22;23;36;37;38;39;40;41;64;65;44;269;176;23;24;
76;6/4b;274;228;229;25;26;27;28;29;30;1;2;46;47;48;49;50;51;52;53;54;55;56;57;25;26;27;28;29;30;1;2;46;47;48;49;50;51;52;53;54;55;56;57;25;26;27;28;29;30;1;2;31;32;33;34;35;22;23;36;37;38;39;40;41;10;58;13;14;15;16;17;18;19;20;21;22;23;36;37;38;39;40;41;10;58;13;14;15;16;17;18;19;20;21;22;23;36;37;38;39;40;41;25;26;27;28;29;30;1;2;46;47;48;49;50;51;52;53;54;55;56;57;10;58;13;14;15;16;17;18;19;20;21;22;23;36;37;38;39;40;41;25;26;27;28;29;30;1;2;31;32;33;34;35;22;23;36;37;38;39;40;41;25;26;27;28;29;30;1;2;3;4;5;6;7;42;43;44;45;33;34;35;22;23;36;37;38;39;40;41;25;26;27;28;29;30;1;2;46;47;48;49;50;51;52;53;54;55;56;57;10;58;13;14;15;16;17;18;19;20;21;22;23;36;37;38;39;40;41;25;26;27;28;29;30;1;2;46;47;48;49;50;51;52;53;54;55;56;57;10;58;13;14;15;16;17;18;19;20;21;22;23;36;37;38;39;40;41;64;65;44;269;176;23;24;
77;7/1;221;0;1;132;261;7;8;9;10;58;13;14;15;16;17;18;19;20;21;22;23;36;37;38;39;40;41;25;26;27;28;29;30;1;2;46;47;48;49;50;51;52;53;54;55;56;57;10;58;13;14;15;16;17;18;19;20;21;22;23;36;37;38;39;40;41;25;26;27;28;29;30;1;2;3;4;5;6;7;8;9;10;11;63;57;64;65;44;45;33;34;35;22;25;26;27;28;29;30;1;2;3;4;5;6;7;8;9;10;11;63;57;64;65;44;45;33;34;35;22;23;36;37;38;39;40;41;25;26;27;28;29;30;1;2;3;4;5;6;7;42;43;44;45;33;34;35;22;23;36;37;38;39;40;41;25;26;27;28;29;30;1;2;31;32;33;34;35;22;23;36;37;38;39;40;41;25;26;27;28;29;30;1;2;46;47;48;49;50;51;52;53;54;55;56;57;10;58;13;14;15;16;17;18;19;20;21;22;23;36;37;38;39;40;41;64;65;44;269;176;23;24;
78;7/2;204;228;229;25;26;27;28;29;30;1;2;46;47;48;49;50;51;52;53;54;55;56;57;10;58;13;14;15;16;17;18;19;20;21;22;23;36;37;38;39;40;41;25;26;27;28;29;30;1;2;46;47;48;49;50;51;52;53;54;55;56;57;10;58;13;14;15;16;17;18;19;20;21;22;23;36;37;38;39;40;41;25;26;27;28;29;30;1;2;3;4;5;6;7;42;43;44;45;33;34;35;22;23;36;37;38;39;40;41;25;26;27;28;29;30;1;2;3;4;5;6;7;42;43;44;45;33;34;35;22;23;36;37;38;39;40;41;25;26;27;28;29;30;1;2;3;4;5;6;7;8;9;10;11;63;57;64;65;44;45;33;34;35;22;23;36;37;38;39;40;41;25;26;27;28;29;30;1;2;3;4;5;6;7;42;43;44;45;33;34;35;22;23;36;37;38;39;40;41;43;44;269;176;23;24;
79;7/3;276;228;229;25;26;27;28;29;30;1;2;46;47;48;49;50;51;52;53;54;55;56;57;10;58;13;14;15;16;17;18;19;20;21;22;23;36;37;38;39;40;41;25;26;27;28;29;30;1;2;3;4;5;6;7;8;9;10;11;63;57;64;65;44;45;33;34;35;22;23;36;37;38;39;40;41;25;26;27;28;29;30;1;2;46;47;48;49;50;51;52;53;54;55;56;57;10;58;13;14;15;16;17;18;19;20;21;22;23;36;37;38;39;40;41;25;26;27;28;29;30;1;2;31;32;33;34;35;22;23;36;37;38;39;40;41;25;26;27;28;29;30;1;2;46;47;48;49;50;51;52;53;54;55;56;57;10;58;13;14;15;16;17;18;19;20;21;22;23;36;37;38;39;40;41;25;26;27;28;29;30;1;2;46;47;48;49;50;51;52;53;54;55;56;57;10;58;13;14;15;16;17;18;19;20;21;22;23;36;37;38;39;40;41;25;26;27;28;29;30;1;2;31;32;33;34;35;22;23;36;37;38;39;40;41;25;26;27;28;29;30;1;2;3;4;5;6;7;8;9;10;11;63;57;64;65;44;45;33;34;35;22;23;36;37;38;39;40;41;12;192;193;44;269;176;23;24;
80;K1;70;4;81;82;83;84;85;86;87;88;89;90;91;92;93;94;34;121;122;123;124;147;148;125;126;127;128;4;81;82;83;84;85;86;87;88;89;90;91;92;93;94;133;103;104;143;144;145;146;118;119;142;5;6;7;189;190;191;192;193;44;45;33;145;146;118;119;142;5;151;152;
81;Z/1b;0;
